Tile,Grid position,A.or.B,Population,include,Status,Scale.827,8_27 length A,8_27 length B,Mean.length.827,Area.827.A,Area.827.B,Area.827,10_14 scale,10_14 length A,10_14 length B,Mean.length.1014,Area.1014,I.Growth.1014,Growth.1014,11/3 scale,Length.A.113,Length.B.113,Mean.length.113,Area.A.113,Area.B.113,Area.113,I.Growth.113,Growth.113,Tray,Stack,,La,LB
HCA10,1,A,Dabob Bay,y,,288,1.37,1.25,1.31,,,3.47,198.00,6.48,6.38,6.43,28.84,1.92,0.528,237.00,8.9,8.5,8.70,59.20,60.91,60.06,1.59,1.561,3,1,,8.44,8.5
HCA10,2,A,Dabob Bay,y,,288,2.37,2.46,2.42,,,8.25,198.00,11.13,11.08,11.11,88.73,2.15,1.677,237.00,13.4,13.5,13.45,134.11,136.96,135.54,0.92,2.340,3,1,,13.4,13.5
HCA11,1,A,Dabob Bay,y,,206,2.29,2.14,2.22,,,6.19,194.00,11.09,11.13,11.11,87.04,2.39,1.684,250.00,14.2,14.68,14.44,160.75,156.07,158.41,1.30,3.569,1,1,,14.2,14.68
HCA11,2,A,Dabob Bay,y,,206,2.05,2.28,2.17,,,4.89,194.00,9.11,9.29,9.20,55.73,2.20,1.059,250.00,10.86,10.79,10.83,91.56,91.35,91.46,1.08,1.786,1,1,,10.86,10.79
HCA11,3,A,Dabob Bay,y,,206,2.44,2.54,2.49,,,5.10,194.00,10.20,10.31,10.26,70.17,2.37,1.356,250.00,12.8,12.88,12.84,127.66,126.71,127.19,1.29,2.851,1,1,,12.8,12.88
HCA11,4,A,Dabob Bay,,,206,2.31,2.56,2.44,,,8.18,194.00,11.09,11.29,11.19,77.96,2.04,1.454,250.00,12.35,12.62,12.49,133.86,132.60,133.23,1.16,2.764,1,1,,12.35,12.62
HCA11,5,A,Dabob Bay,y,,206,3.93,3.89,3.91,,,13.08,194.00,9.78,10.06,9.92,76.59,1.60,1.323,250.00,12.47,12.5,12.49,107.93,108.25,108.09,0.75,1.575,1,1,,12.47,12.5
HCA11,6,A,Dabob Bay,y,,206,2.51,2.58,2.55,,,6.95,194.00,7.78,7.93,7.86,47.57,1.74,0.846,250.00,9.87,10.08,9.98,74.68,76.17,75.43,1.00,1.393,1,1,,9.87,10.08
HCA11,7,A,Dabob Bay,y,,206,0.83,0.85,0.84,,,1.48,194.00,2.96,3.09,3.03,7.54,1.48,0.126,250.00,3.85,3.6,3.73,10.16,10.66,10.41,0.70,0.144,1,1,,3.85,3.6
HCA11,8,A,Dabob Bay,,Gone,206,1.83,1.99,1.91,,,5.55,194.00,gone,#VALUE!,#VALUE!,,,-0.116,250.00,#VALUE!,#VALUE!,#VALUE!,,,#DIV/0!,#DIV/0!,#DIV/0!,1,1,,#VALUE!,#VALUE!
HCA11,9,A,Dabob Bay,y,,206,0.93,1.13,1.03,,,2.27,194.00,5.57,5.50,5.54,22.14,2.06,0.414,250.00,7.25,7.22,7.24,35.96,36.34,36.15,1.06,0.701,1,1,,7.25,7.22
HCA11,10,A,Dabob Bay,y,,206,1.53,1.74,1.64,,,4.14,194.00,6.68,6.59,6.64,28.23,1.74,0.502,250.00,9.17,9.55,9.36,62.22,61.33,61.78,1.70,1.678,1,1,,9.17,9.55
HCA11,11,A,Dabob Bay,y,,206,2.41,2.53,2.47,,,6.32,194.00,10.22,10.19,10.21,66.87,2.13,1.261,250.00,13.62,13.58,13.60,126.26,126.80,126.53,1.38,2.983,1,1,,13.62,13.58
HCA11,12,A,Dabob Bay,y,,206,2.57,2.47,2.52,,,8.08,194.00,10.78,10.73,10.76,82.01,2.10,1.540,250.00,12.61,12.57,12.59,114.79,114.89,114.84,0.73,1.642,1,1,,12.61,12.57
HCA11,13,A,Dabob Bay,y,,206,3.55,3.49,3.52,,,14.37,194.00,12.83,12.89,12.86,125.18,1.96,2.308,250.00,16.48,16.64,16.56,206.59,208.19,207.39,1.10,4.111,1,1,,16.48,16.64
HCA12,1,A,Dabob Bay,,Gone,240,1.41,1.30,1.36,,,1.72,204.00,gone,#VALUE!,#VALUE!,,,-0.036,217.00,#VALUE!,#VALUE!,#VALUE!,,,#DIV/0!,#DIV/0!,#DIV/0!,1,1,,#VALUE!,#VALUE!
HCA12,2,A,Dabob Bay,y,,240,2.39,2.38,2.39,,,6.49,204.00,10.79,10.63,10.71,87.71,2.36,1.692,217.00,15.28,15.78,15.53,171.02,171.89,171.46,1.46,4.187,1,1,,15.28,15.17
HCA12,3,A,Dabob Bay,y,,240,1.66,1.75,1.71,,,2.91,204.00,6.83,6.99,6.91,31.40,2.15,0.593,217.00,9.11,9.06,9.09,78.47,78.16,78.32,1.98,2.346,1,1,,9.11,9.06
HCA12,4,A,Dabob Bay,,,240,2.04,1.96,2.00,,,4.87,204.00,6.80,6.83,6.81,29.82,1.64,0.520,217.00,9.18,9.05,9.12,57.04,53.04,55.04,1.33,1.261,1,1,,#VALUE!,#VALUE!
HCA12,5,A,Dabob Bay,y,,240,1.59,1.73,1.66,,,2.49,204.00,4.24,4.04,4.14,10.19,1.27,0.160,217.00,5.51,5.35,5.43,21.01,21.31,21.16,1.59,0.548,1,1,,5.51,5.35
HCA12,6,A,Dabob Bay,y,,240,1.81,1.75,1.78,,,2.59,204.00,8.89,8.77,8.83,55.44,2.77,1.101,217.00,11.32,11.14,11.23,92.89,94.26,93.58,1.14,1.907,1,1,,11.32,11.14
HCA12,7,A,Dabob Bay,,,240,2.45,2.60,2.53,,,6.82,204.00,12.22,12.19,12.21,99.48,2.42,1.930,217.00,14.07,14.37,14.22,148.79,147.43,148.11,0.86,2.432,1,1,,14.07,14.37
HCA12,8,A,Dabob Bay,,,240,1.49,1.42,1.46,,,2.69,204.00,7.63,8.21,7.92,46.45,2.58,0.912,217.00,10.6,10.26,10.43,67.64,67.14,67.39,0.81,1.047,1,1,,,
HCA13,1,A,Dabob Bay,,,242,2.19,2.23,2.21,,,5.67,159.00,10.12,10.12,10.12,73.79,2.32,1.419,241.00,11.37,12.06,11.72,103.84,106.29,105.07,0.77,1.564,3,1,,11.37,12.06
HCA13,2,A,Dabob Bay,,,242,0.86,0.87,0.87,,,0.81,159.00,3.29,3.15,3.22,8.43,2.12,0.159,241.00,4.51,4.73,4.62,22.60,24.45,23.53,2.23,0.755,3,1,,4.51,4.73
HCA13,3,A,Dabob Bay,y,,242,1.62,1.61,1.62,,,2.53,159.00,4.76,4.82,4.79,20.88,1.91,0.382,241.00,6.06,6.02,6.04,40.27,39.65,39.96,1.41,0.954,3,1,,6.06,6.02
HCA13,4,A,Dabob Bay,y,,242,1.48,1.51,1.50,,,3.74,159.00,6.68,6.80,6.74,33.06,1.97,0.611,241.00,9.54,9.9,9.72,65.60,66.45,66.03,1.50,1.648,3,1,,9.54,9.9
HCA13,5,A,Dabob Bay,,,242,2.04,1.98,2.01,,,3.69,159.00,5.93,5.68,5.81,26.56,1.79,0.477,241.00,5.74,5.61,5.68,25.02,24.51,24.77,0.00,0.000,3,1,,5.74,5.61
HCA13,6,A,Dabob Bay,y,,242,1.98,2.04,2.01,,,4.28,159.00,8.19,7.99,8.09,53.39,2.28,1.023,241.00,9.56,9.66,9.61,76.84,73.98,75.41,0.75,1.101,3,1,,9.56,9.66
HCA13,7,A,Dabob Bay,y,,242,1.32,1.27,1.30,,,1.87,159.00,5.73,5.55,5.64,23.18,2.28,0.444,241.00,7.96,7.97,7.97,49.35,48.51,48.93,1.62,1.288,3,1,,7.96,7.97
HCA13,8,A,Dabob Bay,y,,242,1.64,1.63,1.64,,,2.84,159.00,6.96,6.91,6.94,33.85,2.24,0.646,241.00,10.5,10.35,10.43,78.94,80.45,79.70,1.86,2.292,3,1,,10.5,10.35
HCA13,9,A,Dabob Bay,y,,242,2.98,2.81,2.90,,,7.06,159.00,11.23,11.39,11.31,90.63,2.31,1.741,241.00,12.76,12.55,12.66,120.75,120.25,120.50,0.62,1.493,3,1,,12.76,12.55
HCA13,10,A,Dabob Bay,y,,242,1.39,1.35,1.37,,,2.59,159.00,5.54,5.69,5.62,27.00,2.12,0.509,241.00,6.89,6.69,6.79,34.28,34.50,34.39,0.53,0.369,3,1,,6.89,6.69
HCA13,11,A,Dabob Bay,n,edge,242,1.45,1.61,1.53,,,2.91,159.00,7.52,7.75,7.64,54.06,2.64,1.066,241.00,10.47,10.19,10.33,,,#DIV/0!,#DIV/0!,#DIV/0!,3,1,,10.47,10.19
HCA13,12,A,Dabob Bay,y,,242,1.53,1.63,1.58,,,2.59,159.00,4.94,4.93,4.94,18.89,1.80,0.340,241.00,6.79,7.06,6.93,37.47,38.00,37.74,1.50,0.942,3,1,,6.79,7.06
HCA13,13,A,Dabob Bay,y,,242,1.28,1.31,1.30,,,2.16,159.00,8.13,8.10,8.12,49.35,2.83,0.983,241.00,8.78,9.08,8.93,59.89,59.70,59.80,0.42,0.522,3,1,,8.78,9.08
HCA15,1,A,Dabob Bay,y,,220,0.89,0.82,0.86,,,1.14,198.00,4.75,4.75,4.75,21.63,2.66,0.427,234.00,7.99,7.9,7.95,56.77,54.41,55.59,2.05,1.698,1,1,,7.99,7.9
HCA15,2,A,Dabob Bay,n,Gone,220,1.88,1.79,1.84,,,,198.00,gone,#VALUE!,#VALUE!,,,0.000,234.00,#VALUE!,#VALUE!,#VALUE!,,,#DIV/0!,#DIV/0!,#DIV/0!,1,1,,#VALUE!,#VALUE!
HCA2,1,A,Dabob Bay,,,251.67,1.43,1.56,1.49,,,2.35,196.00,5.95,6.04,5.99,22.86,2.06,0.427,240.70,8.2,8.23,8.22,46.80,44.85,45.83,1.51,1.148,7,1,,,
HCA2,2,A,Dabob Bay,,,251.67,2.96,3.17,3.06,,,9.04,196.00,12.37,12.67,12.52,107.86,2.24,2.059,240.70,15.14,15.57,15.36,168.42,168.11,168.27,0.97,3.020,7,1,,,
HCA2,3,A,Dabob Bay,,edge oct,251.67,2.41,2.28,2.35,,,4.72,196.00,9.25,9.15,9.20,51.49,2.16,0.974,240.70,10.07,10.24,10.16,62.98,61.65,62.32,0.41,0.541,7,1,,,
HCA2,4,A,Dabob Bay,,Gone,251.67,1.11,1.08,1.09,,,1.02,196.00,gone,gone,#DIV/0!,gone,#VALUE!,#VALUE!,240.70,,,#DIV/0!,,,#DIV/0!,#DIV/0!,#DIV/0!,7,1,,,
HCA2,5,A,Dabob Bay,,,251.67,2.44,2.46,2.45,,,4.69,196.00,8.55,8.62,8.58,46.58,2.08,0.873,240.70,10.35,10.36,10.36,75.01,72.68,73.85,1.00,1.363,7,1,,,
HCA2,6,A,Dabob Bay,,,251.67,2.57,2.43,2.50,,,5.57,196.00,7.41,7.50,7.46,34.25,1.64,0.598,240.70,9.45,9.39,9.42,63.55,63.50,63.53,1.34,1.464,7,1,,,
HCA2,7,A,Dabob Bay,n,touching,251.67,2.61,2.38,2.50,,,5.14,196.00,5.73,5.71,5.72,23.59,1.38,0.384,240.70,,,#DIV/0!,,,#DIV/0!,#DIV/0!,#DIV/0!,7,1,,,
HCA2,8,A,Dabob Bay,,,251.67,2.40,2.40,2.40,,,4.94,196.00,7.23,7.38,7.30,44.28,1.98,0.819,240.70,,,#DIV/0!,,,#DIV/0!,#DIV/0!,#DIV/0!,7,1,,,
HCA2,9,A,Dabob Bay,,,251.67,1.30,1.44,1.37,,,1.85,196.00,4.62,4.59,4.60,12.65,1.74,0.225,240.70,6.39,6.03,6.21,24.21,25.46,24.84,1.46,0.609,7,1,,,
HCA2,10,A,Dabob Bay,,,251.67,2.12,2.19,2.15,,,4.68,196.00,8.65,8.72,8.68,53.47,2.20,1.016,240.70,10.55,10.66,10.61,78.13,79.72,78.93,0.85,1.273,7,1,,,
HCA2,11,A,Dabob Bay,,,251.67,2.59,2.94,2.76,,,5.98,196.00,9.55,9.47,9.51,56.18,2.03,1.046,240.70,11.64,11.59,11.62,92.71,92.32,92.52,1.08,1.817,7,1,,,
HCA2,12,A,Dabob Bay,,,251.67,3.82,3.88,3.85,,,9.48,196.00,14.13,13.81,13.97,130.01,2.37,2.511,240.70,15.63,16.03,15.83,183.68,185.90,184.79,0.76,2.739,7,1,,,
HCA2,13,A,Dabob Bay,,,251.67,3.27,3.00,3.14,,,9.13,196.00,9.81,9.83,9.82,61.86,1.73,1.099,240.70,11.51,11.72,11.62,82.89,86.12,84.51,0.68,1.132,7,1,,,
HCA2,14,A,Dabob Bay,,,251.67,1.98,2.01,2.00,,,3.16,196.00,7.43,7.54,7.48,33.23,2.13,0.626,240.70,9.11,9.22,9.17,53.26,52.95,53.11,1.02,0.994,7,1,,,
HCA5,1,A,Dabob Bay,y,,235,2.27,2.37,2.32,,,4.31,188.00,9.50,9.40,9.45,60.68,2.39,1.174,222.70,13.54,12.62,13.08,119.36,121.63,120.50,1.49,2.991,1,1,wrong tray,11.6,11.2
HCA5,2,A,Dabob Bay,,,235,1.05,1.13,1.09,,,2.21,188.00,6.40,6.50,6.45,24.96,2.19,0.474,222.70,6.9,7.1,7.00,37.20,36.90,37.05,0.86,0.605,1,1,wrong tray,6.9,7.1
HCA5,3,A,Dabob Bay,n,Gone,235,0.76,0.80,0.78,,,1.05,188.00,gone,#VALUE!,#VALUE!,,#NUM!,-0.022,222.70,#VALUE!,#VALUE!,#VALUE!,,,#DIV/0!,#DIV/0!,#DIV/0!,1,1,wrong tray,#VALUE!,#VALUE!
HCA5,4,A,Dabob Bay,n,Gone,235,1.42,1.33,1.38,,,2.31,188.00,gone,#VALUE!,#VALUE!,,#NUM!,-0.048,222.70,#VALUE!,#VALUE!,#VALUE!,,,#DIV/0!,#DIV/0!,#DIV/0!,1,1,wrong tray,#VALUE!,#VALUE!
HCA5,5,A,Dabob Bay,y,,235,1.21,1.30,1.26,,,1.55,188.00,2.90,3.10,3.00,7.43,1.42,0.122,222.70,3.73,3.87,3.80,11.33,10.29,10.81,0.82,0.169,1,1,wrong tray,3.2,3.5
HCA5,6,A,Dabob Bay,y,,235,1.09,1.09,1.09,,,1.41,188.00,3.00,3.00,3.00,7.57,1.52,0.128,222.70,5.3,5.32,5.31,19.38,19.25,19.32,2.03,0.587,1,1,wrong tray,4.9,4.9
HCA5,7,A,Dabob Bay,,,235,1.48,1.69,1.59,,,2.61,188.00,4.10,4.00,4.05,11.94,1.37,0.194,222.70,5.5,5.7,5.60,21.10,19.80,20.45,1.17,0.426,1,1,wrong tray,5.5,5.7
HCA5,8,A,Dabob Bay,y,,235,1.74,1.95,1.85,,,3.79,188.00,5.20,5.40,5.30,23.37,1.65,0.408,222.70,8.4,8.6,8.50,50.20,50.09,50.15,1.66,1.339,1,1,wrong tray,8.1,8.1
HCA5,9,A,Dabob Bay,,,235,1.06,0.97,1.02,,,1.48,188.00,3.00,3.10,3.05,6.37,1.32,0.102,222.70,4.9,4.7,4.80,17.10,18.45,17.78,2.23,0.570,1,1,wrong tray,4.9,4.7
HCA5,10,A,Dabob Bay,y,,235,1.48,1.77,1.63,,,3.67,188.00,2.90,3.00,2.95,7.81,0.68,0.086,222.70,5.2,5.17,5.19,18.13,17.66,17.90,1.80,0.504,1,1,wrong tray,4.7,4.8
HCA5,11,A,Dabob Bay,y,,235,1.82,1.71,1.77,,,4.32,188.00,4.50,4.70,4.60,15.56,1.16,0.234,222.70,6.75,6.84,6.80,30.61,29.69,30.15,1.44,0.730,1,1,wrong tray,6.3,6.4
HCA5,12,A,Dabob Bay,y,,235,1.17,1.17,1.17,,,2.25,188.00,5.80,5.40,5.60,21.65,2.05,0.404,222.70,8.8,8.6,8.70,54.74,51.50,53.12,1.95,1.573,1,1,wrong tray,8.8,8.6
HCA5,13,A,Dabob Bay,y,,235,1.28,1.15,1.22,,,1.66,188.00,2.30,2.40,2.35,5.44,1.07,0.079,222.70,3.3,3.87,3.59,8.88,8.68,8.78,1.04,0.167,1,1,wrong tray,3.3,3.2
HCA5,15,A,Dabob Bay,,Gone,235,0.89,0.90,0.90,,,1.14,188.00,gone,#VALUE!,#VALUE!,,#NUM!,-0.024,222.70,#VALUE!,#VALUE!,#VALUE!,,,#DIV/0!,#DIV/0!,#DIV/0!,1,1,wrong tray,#VALUE!,#VALUE!
HCA5,17,A,Dabob Bay,,,235,1.34,1.57,1.46,,,3.41,188.00,5.30,5.20,5.25,17.96,1.50,0.303,222.70,6.7,6.6,6.65,39.20,37.20,38.20,1.64,1.012,1,1,wrong tray,6.7,6.6
HCA5,18,A,Dabob Bay,,,235,1.87,1.78,1.83,,,3.77,188.00,5.80,5.50,5.65,21.25,1.56,0.364,222.70,6,6.3,6.15,28.20,29.60,28.90,0.67,0.383,1,1,wrong tray,6,6.3
HCA5,19,A,Dabob Bay,,Gone,235,1.05,1.03,1.04,,,1.54,188.00,gone,#VALUE!,#VALUE!,,#NUM!,-0.032,222.70,#VALUE!,#VALUE!,#VALUE!,,,#DIV/0!,#DIV/0!,#DIV/0!,1,1,wrong tray,#VALUE!,#VALUE!
HCA5,20,A,Dabob Bay,,Gone,235,1.41,1.28,1.35,,,2.70,188.00,gone,#VALUE!,#VALUE!,,#NUM!,-0.056,222.70,#VALUE!,#VALUE!,#VALUE!,,,#DIV/0!,#DIV/0!,#DIV/0!,1,1,wrong tray,#VALUE!,#VALUE!
HCA5,21,A,Dabob Bay,,dead,235,1.67,1.68,1.68,,,3.03,188.00,4.80,4.80,4.80,16.27,1.52,0.276,222.70,3,3.1,3.05,,,#DIV/0!,#DIV/0!,#DIV/0!,1,1,wrong tray,3,3.1
HCA5,22,A,Dabob Bay,,Gone,235,1.07,1.02,1.05,,,1.33,188.00,gone,#VALUE!,#VALUE!,,#NUM!,-0.028,222.70,#VALUE!,#VALUE!,#VALUE!,,,#DIV/0!,#DIV/0!,#DIV/0!,1,1,wrong tray,#VALUE!,#VALUE!
HCA5,23,A,Dabob Bay,,,235,1.19,1.20,1.20,,,1.68,188.00,2.60,2.60,2.60,6.14,1.17,0.093,222.70,3,3,3.00,7.90,8.11,8.01,0.58,0.093,1,1,wrong tray,3,3
HCA5,24,A,Dabob Bay,n,edge,235,2.78,2.77,2.77,,,5.10,188.00,7.14,7.18,7.16,36.40,1.78,0.652,222.70,,,#DIV/0!,,,#DIV/0!,#DIV/0!,#DIV/0!,1,1,wrong tray,,
HCA8,1,A,Dabob Bay,,edge,208,2.90,3.00,2.95,,,8.10,198.00,9.30,9.40,9.35,60.43,1.82,1.090,218.00,,,,,,#DIV/0!,#DIV/0!,#DIV/0!,3,1,,9.3,9.2
HCA8,2,A,Dabob Bay,y,,208,1.00,1.10,1.05,,,1.64,198.00,4.40,4.30,4.35,14.94,2.00,0.277,218.00,,,,,,#DIV/0!,#DIV/0!,#DIV/0!,3,1,,6.1,6.3
HCB11,1,B,Dabob Bay,n,dead,261,1.30,1.50,1.40,,,1.89,199.00,2.40,2.40,2.40,4.25,0.73,0.049,,#VALUE!,#VALUE!,#VALUE!,,,#DIV/0!,#DIV/0!,#DIV/0!,7,1,,#VALUE!,#VALUE!
HCB13,1,B,Dabob Bay,,Gone,281,1.30,1.40,1.35,,,,187.00,gone,#VALUE!,#VALUE!,,#NUM!,0.000,232.00,#VALUE!,#VALUE!,#VALUE!,,,#DIV/0!,#DIV/0!,#DIV/0!,7,1,,#VALUE!,#VALUE!
HCB13,2,B,Dabob Bay,y,,281,1.10,1.10,1.10,,,0.99,187.00,3.80,4.00,3.90,10.53,2.14,0.199,232.00,6.5,6.7,6.60,,,#DIV/0!,#DIV/0!,#DIV/0!,7,1,,6.5,6.7
HCB16,1,B,Dabob Bay,,,253,1.00,1.10,1.05,,,,,missing,#VALUE!,#VALUE!,,#NUM!,0.000,203.00,6.7,6.6,6.65,,,#DIV/0!,#DIV/0!,#DIV/0!,7,1,,6.7,6.6
HCB16,2,B,Dabob Bay,,,253,0.90,1.00,0.95,,,,,missing,#VALUE!,#VALUE!,,#NUM!,0.000,203.00,#VALUE!,#VALUE!,#VALUE!,,,#DIV/0!,#DIV/0!,#DIV/0!,7,1,,#VALUE!,#VALUE!
HCB2,1,B,Dabob Bay,,edge,285,1.22,1.22,1.22,,,1.36,199.00,4.80,4.80,4.80,14.03,2.11,0.264,268.00,6.5,6.6,6.55,,,#DIV/0!,#DIV/0!,#DIV/0!,2,1,,6.5,6.6
HCB2,2,B,Dabob Bay,,,285,0.54,0.56,0.55,,,0.34,199.00,gone,#VALUE!,#VALUE!,,#NUM!,-0.007,268.00,#VALUE!,#VALUE!,#VALUE!,,,#DIV/0!,#DIV/0!,#DIV/0!,2,1,,#VALUE!,#VALUE!
HCB2,3,B,Dabob Bay,,,285,1.23,1.27,1.25,,,1.69,199.00,2.30,2.30,2.30,3.80,0.73,0.044,268.00,3.5,3.4,3.45,,,#DIV/0!,#DIV/0!,#DIV/0!,2,1,,3.5,3.4
HCB2,4,B,Dabob Bay,y,,285,1.40,1.42,1.41,,,2.02,199.00,4.50,4.60,4.55,14.20,1.77,0.254,268.00,6.2,6.2,6.20,,,#DIV/0!,#DIV/0!,#DIV/0!,2,1,,6.2,6.2
HCB2,5,B,Dabob Bay,y,,285,1.19,1.22,1.21,,,1.76,199.00,5.40,5.50,5.45,24.65,2.39,0.477,268.00,8.3,8.4,8.35,,,#DIV/0!,#DIV/0!,#DIV/0!,2,1,,8.3,8.4
HCB2,6,B,Dabob Bay,n,,285,1.30,1.29,1.30,,,1.46,199.00,2.00,2.00,2.00,3.33,0.75,0.039,268.00,2.6,2.6,2.60,,,#DIV/0!,#DIV/0!,#DIV/0!,2,1,,2.6,2.6
HCB2,7,B,Dabob Bay,n,,285,1.18,1.18,1.18,,,1.13,199.00,1.80,1.70,1.75,2.58,0.75,0.030,268.00,2.3,2.2,2.25,,,#DIV/0!,#DIV/0!,#DIV/0!,2,1,,2.3,2.2
HCB2,8,B,Dabob Bay,y,9,285,1.27,1.28,1.28,,,2.30,199.00,6.10,6.20,6.15,26.31,2.21,0.500,268.00,7.3,7.5,7.40,,,#DIV/0!,#DIV/0!,#DIV/0!,2,1,,7.3,7.5
HCB2,9,B,Dabob Bay,y,8,285,1.39,1.38,1.39,,,1.73,199.00,3.50,3.30,3.40,8.34,1.43,0.138,268.00,4.6,4.4,4.50,,,#DIV/0!,#DIV/0!,#DIV/0!,2,1,,4.6,4.4
HCB2,10,B,Dabob Bay,,,285,0.99,0.96,0.98,,,1.18,199.00,gone,#VALUE!,#VALUE!,,#NUM!,-0.025,268.00,#VALUE!,#VALUE!,#VALUE!,,,#DIV/0!,#DIV/0!,#DIV/0!,2,1,,#VALUE!,#VALUE!
HCB2,11,B,Dabob Bay,,,285,0.99,0.97,0.98,,,1.18,199.00,1.80,1.90,1.85,3.48,0.97,0.048,268.00,2.3,2.3,2.30,,,#DIV/0!,#DIV/0!,#DIV/0!,2,1,,2.3,2.3
HCB2,12,B,Dabob Bay,,,285,1.13,1.15,1.14,,,1.16,199.00,gone,#VALUE!,#VALUE!,,#NUM!,-0.024,268.00,#VALUE!,#VALUE!,#VALUE!,,,#DIV/0!,#DIV/0!,#DIV/0!,2,1,,#VALUE!,#VALUE!
HCB2,13,B,Dabob Bay,,,285,1.35,1.37,1.36,,,2.04,199.00,gone,#VALUE!,#VALUE!,,#NUM!,-0.043,268.00,#VALUE!,#VALUE!,#VALUE!,,,#DIV/0!,#DIV/0!,#DIV/0!,2,1,,#VALUE!,#VALUE!
HCB2,14,B,Dabob Bay,,,285,0.92,0.90,0.91,,,0.80,199.00,gone,#VALUE!,#VALUE!,,#NUM!,-0.017,268.00,#VALUE!,#VALUE!,#VALUE!,,,#DIV/0!,#DIV/0!,#DIV/0!,2,1,,#VALUE!,#VALUE!
HCB2,15,B,Dabob Bay,,,285,1.13,1.08,1.11,,,1.14,199.00,gone,#VALUE!,#VALUE!,,#NUM!,-0.024,268.00,#VALUE!,#VALUE!,#VALUE!,,,#DIV/0!,#DIV/0!,#DIV/0!,2,1,,#VALUE!,#VALUE!
HCB2,16,B,Dabob Bay,n,sick,285,0.94,0.92,0.93,,,1.11,199.00,2.00,2.20,2.10,3.69,1.09,0.054,268.00,3.5,3.7,3.60,,,#DIV/0!,#DIV/0!,#DIV/0!,2,1,,3.5,3.7
HCB2,17,B,Dabob Bay,y,,285,0.98,0.96,0.97,,,1.00,199.00,3.20,3.20,3.20,6.70,1.72,0.119,268.00,5.3,5.3,5.30,,,#DIV/0!,#DIV/0!,#DIV/0!,2,1,,5.3,5.3
HCB2,18,B,Dabob Bay,,,285,1.10,1.08,1.09,,,1.99,199.00,gone,#VALUE!,#VALUE!,,#NUM!,-0.042,268.00,#VALUE!,#VALUE!,#VALUE!,,,#DIV/0!,#DIV/0!,#DIV/0!,2,1,,#VALUE!,#VALUE!
HCB2,19,B,Dabob Bay,,,285,1.07,1.00,1.04,,,1.18,199.00,gone,#VALUE!,#VALUE!,,#NUM!,-0.025,268.00,#VALUE!,#VALUE!,#VALUE!,,,#DIV/0!,#DIV/0!,#DIV/0!,2,1,,#VALUE!,#VALUE!
HCB2,20,B,Dabob Bay,,,285,1.07,1.05,1.06,,,1.22,199.00,gone,#VALUE!,#VALUE!,,#NUM!,-0.025,268.00,#VALUE!,#VALUE!,#VALUE!,,,#DIV/0!,#DIV/0!,#DIV/0!,2,1,,#VALUE!,#VALUE!
HCB2,21,B,Dabob Bay,,,285,0.72,0.70,0.71,,,0.39,199.00,gone,#VALUE!,#VALUE!,,#NUM!,-0.008,268.00,#VALUE!,#VALUE!,#VALUE!,,,#DIV/0!,#DIV/0!,#DIV/0!,2,1,,#VALUE!,#VALUE!
HCB2,22,B,Dabob Bay,,,285,0.97,0.99,0.98,,,0.95,199.00,gone,#VALUE!,#VALUE!,,#NUM!,-0.020,268.00,#VALUE!,#VALUE!,#VALUE!,,,#DIV/0!,#DIV/0!,#DIV/0!,2,1,,#VALUE!,#VALUE!
HCB2,23,B,Dabob Bay,,,285,1.12,1.07,1.10,,,1.20,199.00,gone,#VALUE!,#VALUE!,,#NUM!,-0.025,268.00,#VALUE!,#VALUE!,#VALUE!,,,#DIV/0!,#DIV/0!,#DIV/0!,2,1,,#VALUE!,#VALUE!
HCB2,24,B,Dabob Bay,y,,285,1.21,1.25,1.23,,,1.30,199.00,3.50,3.50,3.50,9.05,1.76,0.161,268.00,4.8,4.8,4.80,,,#DIV/0!,#DIV/0!,#DIV/0!,2,1,,4.8,4.8
HCB2,25,B,Dabob Bay,y,,285,0.66,0.74,0.70,,,0.55,199.00,,,,,#NUM!,-0.011,268.00,0,,0.00,,,#DIV/0!,#DIV/0!,#DIV/0!,2,1,,0,
HCB4,1,B,Dabob Bay,,,255,0.90,0.90,0.90,,,,,missing,#VALUE!,#VALUE!,,#NUM!,0.000,247.00,#VALUE!,#VALUE!,#VALUE!,,,#DIV/0!,#DIV/0!,#DIV/0!,7,1,,#VALUE!,#VALUE!
HCB4,2,B,Dabob Bay,,,255,0.90,0.80,0.85,,,,,missing,#VALUE!,#VALUE!,,#NUM!,0.000,247.00,#VALUE!,#VALUE!,#VALUE!,,,#DIV/0!,#DIV/0!,#DIV/0!,7,1,,#VALUE!,#VALUE!
HCB5,1,B,Dabob Bay,,,280,1.80,1.90,1.85,,,,194.00,5.60,5.60,5.60,,#NUM!,0.000,242.00,7.9,7.9,7.90,,,#DIV/0!,#DIV/0!,#DIV/0!,2,1,,7.9,7.9
HCB7,1,B,Dabob Bay,,,235,0.68,0.78,0.73,,,,185.00,gone,#VALUE!,#VALUE!,,#NUM!,0.000,204.00,#VALUE!,#VALUE!,#VALUE!,,,#DIV/0!,#DIV/0!,#DIV/0!,3,1,,#VALUE!,#VALUE!
HCB7,2,B,Dabob Bay,,,235,0.71,0.78,0.75,,,,185.00,gone,#VALUE!,#VALUE!,,#NUM!,0.000,204.00,#VALUE!,#VALUE!,#VALUE!,,,#DIV/0!,#DIV/0!,#DIV/0!,3,1,,#VALUE!,#VALUE!
HCB7,3,B,Dabob Bay,,,235,0.67,0.75,0.71,,,,185.00,gone,#VALUE!,#VALUE!,,#NUM!,0.000,204.00,#VALUE!,#VALUE!,#VALUE!,,,#DIV/0!,#DIV/0!,#DIV/0!,3,1,,#VALUE!,#VALUE!
HCB7,4,B,Dabob Bay,,,235,0.56,0.53,0.55,,,,185.00,gone,#VALUE!,#VALUE!,,#NUM!,0.000,204.00,#VALUE!,#VALUE!,#VALUE!,,,#DIV/0!,#DIV/0!,#DIV/0!,3,1,,#VALUE!,#VALUE!
HCB7,5,B,Dabob Bay,,,235,0.59,0.58,0.59,,,,185.00,gone,#VALUE!,#VALUE!,,#NUM!,0.000,204.00,#VALUE!,#VALUE!,#VALUE!,,,#DIV/0!,#DIV/0!,#DIV/0!,3,1,,#VALUE!,#VALUE!
HCB7,6,B,Dabob Bay,,,235,0.67,0.67,0.67,,,,185.00,gone,#VALUE!,#VALUE!,,#NUM!,0.000,204.00,#VALUE!,#VALUE!,#VALUE!,,,#DIV/0!,#DIV/0!,#DIV/0!,3,1,,#VALUE!,#VALUE!
HCB7,7,B,Dabob Bay,,,235,0.44,0.46,0.45,,,,185.00,gone,#VALUE!,#VALUE!,,#NUM!,0.000,204.00,#VALUE!,#VALUE!,#VALUE!,,,#DIV/0!,#DIV/0!,#DIV/0!,3,1,,#VALUE!,#VALUE!
HCB7,8,B,Dabob Bay,n,dead,235,0.59,0.53,0.56,,,,185.00,1.60,1.60,1.60,,#NUM!,0.000,204.00,1.7,1.8,1.75,,,#DIV/0!,#DIV/0!,#DIV/0!,3,1,,1.7,1.8
HCB7,9,B,Dabob Bay,,,235,0.40,0.44,0.42,,,,185.00,gone,#VALUE!,#VALUE!,,#NUM!,0.000,204.00,#VALUE!,#VALUE!,#VALUE!,,,#DIV/0!,#DIV/0!,#DIV/0!,3,1,,#VALUE!,#VALUE!
HCB7,10,B,Dabob Bay,,,235,0.51,0.51,0.51,,,,185.00,gone,#VALUE!,#VALUE!,,#NUM!,0.000,204.00,#VALUE!,#VALUE!,#VALUE!,,,#DIV/0!,#DIV/0!,#DIV/0!,3,1,,#VALUE!,#VALUE!
HCB7,11,B,Dabob Bay,,,235,0.58,0.62,0.60,,,,185.00,gone,#VALUE!,#VALUE!,,#NUM!,0.000,204.00,#VALUE!,#VALUE!,#VALUE!,,,#DIV/0!,#DIV/0!,#DIV/0!,3,1,,#VALUE!,#VALUE!
HCB7,12,B,Dabob Bay,,,235,0.63,0.60,0.62,,,,185.00,gone,#VALUE!,#VALUE!,,#NUM!,0.000,204.00,#VALUE!,#VALUE!,#VALUE!,,,#DIV/0!,#DIV/0!,#DIV/0!,3,1,,#VALUE!,#VALUE!
HCB7,13,B,Dabob Bay,,,235,0.58,0.61,0.60,,,,185.00,gone,#VALUE!,#VALUE!,,#NUM!,0.000,204.00,#VALUE!,#VALUE!,#VALUE!,,,#DIV/0!,#DIV/0!,#DIV/0!,3,1,,#VALUE!,#VALUE!
HCB7,14,B,Dabob Bay,,,235,0.55,0.52,0.54,,,,185.00,gone,#VALUE!,#VALUE!,,#NUM!,0.000,204.00,#VALUE!,#VALUE!,#VALUE!,,,#DIV/0!,#DIV/0!,#DIV/0!,3,1,,#VALUE!,#VALUE!
HCB7,15,B,Dabob Bay,,,235,0.44,0.30,0.37,,,,185.00,gone,#VALUE!,#VALUE!,,#NUM!,0.000,204.00,#VALUE!,#VALUE!,#VALUE!,,,#DIV/0!,#DIV/0!,#DIV/0!,3,1,,#VALUE!,#VALUE!
HCB7,16,B,Dabob Bay,,,235,0.54,0.62,0.58,,,,185.00,gone,#VALUE!,#VALUE!,,#NUM!,0.000,204.00,#VALUE!,#VALUE!,#VALUE!,,,#DIV/0!,#DIV/0!,#DIV/0!,3,1,,#VALUE!,#VALUE!
HCB8,1,B,Dabob Bay,,,282,0.49,0.49,0.49,,,,209.00,gone,#VALUE!,#VALUE!,,#NUM!,0.000,,#VALUE!,#VALUE!,#VALUE!,,,#DIV/0!,#DIV/0!,#DIV/0!,2,1,,#VALUE!,#VALUE!
HCB8,2,B,Dabob Bay,,,282,0.70,0.72,0.71,,,,209.00,gone,#VALUE!,#VALUE!,,#NUM!,0.000,,#VALUE!,#VALUE!,#VALUE!,,,#DIV/0!,#DIV/0!,#DIV/0!,2,1,,#VALUE!,#VALUE!
HCB8,3,B,Dabob Bay,,,282,0.83,0.77,0.80,,,,209.00,gone,#VALUE!,#VALUE!,,#NUM!,0.000,,#VALUE!,#VALUE!,#VALUE!,,,#DIV/0!,#DIV/0!,#DIV/0!,2,1,,#VALUE!,#VALUE!
HCB8,4,B,Dabob Bay,,,282,0.60,0.61,0.61,,,,209.00,gone,#VALUE!,#VALUE!,,#NUM!,0.000,,#VALUE!,#VALUE!,#VALUE!,,,#DIV/0!,#DIV/0!,#DIV/0!,2,1,,#VALUE!,#VALUE!
HCB8,5,B,Dabob Bay,,,282,0.60,0.62,0.61,,,,209.00,gone,#VALUE!,#VALUE!,,#NUM!,0.000,,#VALUE!,#VALUE!,#VALUE!,,,#DIV/0!,#DIV/0!,#DIV/0!,2,1,,#VALUE!,#VALUE!
HCB8,6,B,Dabob Bay,,,282,0.40,0.41,0.41,,,,209.00,gone,#VALUE!,#VALUE!,,#NUM!,0.000,,#VALUE!,#VALUE!,#VALUE!,,,#DIV/0!,#DIV/0!,#DIV/0!,2,1,,#VALUE!,#VALUE!
HCB8,7,B,Dabob Bay,,,282,0.50,0.46,0.48,,,,209.00,gone,#VALUE!,#VALUE!,,#NUM!,0.000,,#VALUE!,#VALUE!,#VALUE!,,,#DIV/0!,#DIV/0!,#DIV/0!,2,1,,#VALUE!,#VALUE!
HCB8,8,B,Dabob Bay,,,282,0.71,0.72,0.72,,,,209.00,gone,#VALUE!,#VALUE!,,#NUM!,0.000,,#VALUE!,#VALUE!,#VALUE!,,,#DIV/0!,#DIV/0!,#DIV/0!,2,1,,#VALUE!,#VALUE!
HCB8,9,B,Dabob Bay,,,282,0.63,0.61,0.62,,,,209.00,gone,#VALUE!,#VALUE!,,#NUM!,0.000,,#VALUE!,#VALUE!,#VALUE!,,,#DIV/0!,#DIV/0!,#DIV/0!,2,1,,#VALUE!,#VALUE!
HCB8,10,B,Dabob Bay,,,282,0.56,0.52,0.54,,,,209.00,gone,#VALUE!,#VALUE!,,#NUM!,0.000,,#VALUE!,#VALUE!,#VALUE!,,,#DIV/0!,#DIV/0!,#DIV/0!,2,1,,#VALUE!,#VALUE!
HCB8,11,B,Dabob Bay,,,282,0.40,0.41,0.41,,,,209.00,gone,#VALUE!,#VALUE!,,#NUM!,0.000,,#VALUE!,#VALUE!,#VALUE!,,,#DIV/0!,#DIV/0!,#DIV/0!,2,1,,#VALUE!,#VALUE!
HCB8,12,B,Dabob Bay,,,282,0.52,0.49,0.51,,,,209.00,gone,#VALUE!,#VALUE!,,#NUM!,0.000,,#VALUE!,#VALUE!,#VALUE!,,,#DIV/0!,#DIV/0!,#DIV/0!,2,1,,#VALUE!,#VALUE!
HCB8,13,B,Dabob Bay,,,282,0.69,0.70,0.70,,,,209.00,gone,#VALUE!,#VALUE!,,#NUM!,0.000,,#VALUE!,#VALUE!,#VALUE!,,,#DIV/0!,#DIV/0!,#DIV/0!,2,1,,#VALUE!,#VALUE!
HCB8,14,B,Dabob Bay,,,282,0.57,0.63,0.60,,,,209.00,gone,#VALUE!,#VALUE!,,#NUM!,0.000,,#VALUE!,#VALUE!,#VALUE!,,,#DIV/0!,#DIV/0!,#DIV/0!,2,1,,#VALUE!,#VALUE!
HCB8,15,B,Dabob Bay,,,282,0.27,0.28,0.28,,,,209.00,gone,#VALUE!,#VALUE!,,#NUM!,0.000,,#VALUE!,#VALUE!,#VALUE!,,,#DIV/0!,#DIV/0!,#DIV/0!,2,1,,#VALUE!,#VALUE!
HCB9,1,B,Dabob Bay,,,232,1.00,1.00,1.00,,,,191.00,1.60,1.60,1.60,,#NUM!,0.000,,#VALUE!,#VALUE!,#VALUE!,,,#DIV/0!,#DIV/0!,#DIV/0!,2,1,,#VALUE!,#VALUE!
HCB9,2,B,Dabob Bay,,,232,1.10,1.10,1.10,,,,191.00,gone,#VALUE!,#VALUE!,,#NUM!,0.000,,#VALUE!,#VALUE!,#VALUE!,,,#DIV/0!,#DIV/0!,#DIV/0!,2,1,,#VALUE!,#VALUE!
HCB9,3,B,Dabob Bay,,,232,1.00,1.00,1.00,,,,191.00,gone,#VALUE!,#VALUE!,,#NUM!,0.000,,#VALUE!,#VALUE!,#VALUE!,,,#DIV/0!,#DIV/0!,#DIV/0!,2,1,,#VALUE!,#VALUE!
NFA10,1,A,Fidalgo Bay,,Gone,304,0.82,0.76,0.79,,,0.83,198.00,gone,g,g,,#NUM!,-0.017,260.00,#VALUE!,#VALUE!,#VALUE!,,,#DIV/0!,#DIV/0!,#DIV/0!,2,1,,#VALUE!,#VALUE!
NFA10,2,A,Fidalgo Bay,,,304,1.50,1.62,1.56,,,2.39,198.00,4.40,4.30,4.35,17.14,1.78,0.307,260.00,7.2,7.01,7.11,35.63,35.15,35.39,1.57,0.913,2,1,,7.2,7.01
NFA10,3,A,Fidalgo Bay,,,304,1.29,1.37,1.33,,,1.91,198.00,5.79,5.85,5.82,25.30,2.34,0.487,260.00,4.78,4.67,4.73,57.49,60.88,59.19,1.85,1.694,2,1,,4.78,4.67
NFA10,4,A,Fidalgo Bay,,,304,1.04,1.04,1.04,,,1.27,198.00,2.96,2.88,2.92,7.04,1.55,0.120,260.00,4.5,4.73,4.62,18.55,17.97,18.26,2.07,0.561,2,1,,4.5,4.73
NFA10,5,A,Fidalgo Bay,,,304,1.01,1.13,1.07,,,1.79,198.00,3.09,3.21,3.15,9.86,1.54,0.168,260.00,8.96,8.98,8.97,15.98,16.62,16.30,1.09,0.322,2,1,,8.96,8.98
NFA10,6,A,Fidalgo Bay,,,304,1.50,1.45,1.48,,,1.70,198.00,4.82,4.92,4.87,17.83,2.13,0.336,260.00,7.66,7.77,7.72,47.26,47.09,47.18,2.11,1.467,2,1,,7.66,7.77
NFA10,7,A,Fidalgo Bay,,,304,4.11,4.14,4.13,,,12.00,198.00,12.43,12.45,12.44,101.07,1.93,1.856,260.00,14.28,14.28,14.28,156.48,163.64,160.06,1.00,2.950,2,1,,14.28,14.28
NFA10,8,A,Fidalgo Bay,,,304,2.27,2.31,2.29,,,4.52,198.00,8.23,8.09,8.16,47.86,2.13,0.903,260.00,10.04,10.43,10.24,,,#DIV/0!,#DIV/0!,#DIV/0!,2,1,,10.04,10.43
NFA10,9,A,Fidalgo Bay,,,304,1.59,1.64,1.62,,,2.16,198.00,3.88,3.79,3.84,8.90,1.28,0.140,260.00,5.59,5.64,5.62,20.17,20.38,20.28,1.79,0.569,2,1,,5.59,5.64
NFA10,10,A,Fidalgo Bay,,,304,1.55,1.39,1.47,,,2.50,198.00,6.77,6.90,6.84,31.41,2.29,0.602,260.00,9.67,9.75,9.71,67.17,68.53,67.85,1.67,1.822,2,1,,9.67,9.75
NFA10,11,A,Fidalgo Bay,,,304,1.51,1.43,1.47,,,2.19,198.00,4.38,4.58,4.48,15.39,1.77,0.275,260.00,6.6,6.77,6.69,31.06,30.17,30.62,1.49,0.761,2,1,,6.6,6.77
NFA10,12,A,Fidalgo Bay,,,304,1.11,1.12,1.12,,,1.33,198.00,2.79,3.04,2.92,6.52,1.44,0.108,260.00,4.5,4.58,4.54,17.18,17.31,17.25,2.11,0.536,2,1,,4.5,4.58
NFA10,13,A,Fidalgo Bay,,,304,1.12,1.03,1.08,,,1.48,198.00,3.51,3.77,3.64,11.12,1.83,0.201,260.00,5.78,5.7,5.74,22.42,22.49,22.46,1.53,0.567,2,1,,5.78,5.7
NFA10,14,A,Fidalgo Bay,,,304,1.85,1.84,1.85,,,3.38,198.00,4.03,4.25,4.14,12.65,1.19,0.193,260.00,4.96,4.95,4.96,19.43,19.03,19.23,0.91,0.329,2,1,,4.96,4.95
NFA10,15,A,Fidalgo Bay,,,304,1.24,1.12,1.18,,,1.88,198.00,6.26,6.67,6.47,31.64,2.55,0.620,260.00,8.09,8.56,8.33,60.20,58.30,59.25,1.36,1.381,2,1,,8.09,8.56
NFA10,16,A,Fidalgo Bay,,Gone,304,0.76,0.80,0.78,,,0.95,198.00,gone,#VALUE!,#VALUE!,,#NUM!,-0.020,260.00,#VALUE!,#VALUE!,#VALUE!,,,#DIV/0!,#DIV/0!,#DIV/0!,2,1,,#VALUE!,#VALUE!
NFA10,17,A,Fidalgo Bay,,,304,3.38,3.34,3.36,,,8.83,198.00,12.06,12.38,12.22,101.05,2.21,1.921,260.00,15.5,15.5,15.50,162.16,160.69,161.43,1.02,3.019,2,1,,15.5,15.5
NFA11,1,A,Fidalgo Bay,,,202,3.88,4.00,3.94,,,6.13,200.00,13.60,13.60,13.60,129.50,2.76,2.570,245.00,18.76,18.91,18.84,228.86,234.86,231.86,1.26,5.118,2,1,,18,18.1
NFA11,2,A,Fidalgo Bay,n,edge,202,0.80,0.80,0.80,,,0.66,200.00,4.00,4.20,4.10,11.05,2.55,0.216,245.00,6.3,6.3,6.30,,,#DIV/0!,#DIV/0!,#DIV/0!,2,1,,6.3,6.3
NFA11,3,A,Fidalgo Bay,,,202,2.20,2.60,2.40,,,3.15,200.00,10.00,10.00,10.00,74.63,2.86,1.489,245.00,13.6,13.9,13.75,137.11,139.34,138.23,1.34,3.180,2,1,,13.6,13.9
NFA11,4,A,Fidalgo Bay,,Gone,202,2.00,2.00,2.00,,,2.51,200.00,gone,#VALUE!,#VALUE!,,#NUM!,-0.052,245.00,#VALUE!,#VALUE!,#VALUE!,,,#DIV/0!,#DIV/0!,#DIV/0!,2,1,,#VALUE!,#VALUE!
NFA11,5,A,Fidalgo Bay,,,202,3.80,3.80,3.80,,,4.97,200.00,12.00,12.00,12.00,114.17,2.84,2.275,245.00,16.4,16.54,16.47,195.80,192.75,194.28,1.15,4.005,2,1,,16.4,16.7
NFA11,6,A,Fidalgo Bay,,,202,3.30,3.50,3.40,,,4.12,200.00,11.70,11.80,11.75,101.81,2.90,2.035,245.00,15.11,15.3,15.21,161.34,160.85,161.10,1.00,2.964,2,1,,15.4,15.3
NFA12,1,A,Fidalgo Bay,,,284,2.20,2.20,2.20,,,4.45,196.00,9.30,9.50,9.40,61.68,2.38,1.192,243.00,9.2,9.67,9.44,59.41,59.06,59.24,-0.09,-0.122,2,1,,9.2,9.3
NFA12,2,A,Fidalgo Bay,,,284,1.40,1.40,1.40,,,2.05,196.00,4.00,4.20,4.10,10.69,1.49,0.180,243.00,6.28,6,6.14,24.18,25.00,24.59,1.81,0.695,2,1,,5.8,6
NFA12,3,A,Fidalgo Bay,,,284,1.80,1.90,1.85,,,4.42,196.00,8.00,8.20,8.10,49.37,2.18,0.936,243.00,10.8,11.21,11.01,88.93,88.67,88.80,1.27,1.972,2,1,,10.8,10.8
NFA14,1,A,Fidalgo Bay,,,245,2.65,2.63,2.64,,,5.61,186.00,12.10,12.00,12.05,99.74,2.60,1.961,218.00,16.2,16.4,16.30,186.82,186.14,186.48,1.36,4.337,2,1,,16.2,16.4
NFA14,2,A,Fidalgo Bay,,Gone,245,1.85,1.75,1.80,,,2.96,186.00,gone,#VALUE!,#VALUE!,,#NUM!,-0.062,218.00,#VALUE!,#VALUE!,#VALUE!,,,#DIV/0!,#DIV/0!,#DIV/0!,2,1,,#VALUE!,#VALUE!
NFA14,3,A,Fidalgo Bay,,,245,2.08,2.24,2.16,,,4.74,186.00,9.60,10.00,9.80,69.98,2.44,1.359,218.00,12.6,12.6,12.60,111.67,112.16,111.92,1.02,2.097,2,1,,12.6,12.6
NFA14,4,A,Fidalgo Bay,,Gone,245,1.47,1.49,1.48,,,2.33,186.00,gone,#VALUE!,#VALUE!,,#NUM!,-0.048,218.00,#VALUE!,#VALUE!,#VALUE!,,,#DIV/0!,#DIV/0!,#DIV/0!,2,1,,#VALUE!,#VALUE!
NFA14,5,A,Fidalgo Bay,,,245,2.35,2.39,2.37,,,5.42,186.00,9.90,9.90,9.90,70.25,2.32,1.351,218.00,12.5,12.3,12.40,116.41,116.70,116.56,1.10,2.316,2,1,,12.5,12.3
NFA14,6,A,Fidalgo Bay,,,245,2.88,2.89,2.89,,,6.84,186.00,12.00,12.30,12.15,100.75,2.43,1.957,218.00,15.1,15.5,15.30,173.54,176.53,175.04,1.20,3.714,2,1,,15.1,15.5
NFA14,7,A,Fidalgo Bay,n,edge,245,1.47,1.61,1.54,,,2.61,186.00,6.00,6.30,6.15,33.26,2.30,0.639,218.00,6.1,6.1,6.10,30.52,30.15,30.34,-0.20,-0.146,2,1,,6.1,6.1
NFA15,1,A,Fidalgo Bay,n,edge,177,1.58,1.65,1.62,,,2.54,177.00,6.81,7.11,6.96,35.18,2.38,0.680,245.50,11.13,10.84,10.99,92.69,89.27,90.98,2.06,2.790,3,1,,10.17,10.84
NFA15,2,A,Fidalgo Bay,,,177,2.98,3.10,3.04,,,8.92,177.00,10.24,10.55,10.40,82.08,2.01,1.524,245.50,13.49,13.67,13.58,151.43,149.88,150.66,1.32,3.429,3,1,,13.49,13.45
NFA15,3,A,Fidalgo Bay,n,dead,177,2.33,2.43,2.38,,,4.81,177.00,3.76,3.72,3.74,10.15,0.68,0.111,245.50,#VALUE!,#VALUE!,#VALUE!,,,#DIV/0!,#DIV/0!,#DIV/0!,3,1,,#VALUE!,#VALUE!
NFA15,4,A,Fidalgo Bay,,,177,3.96,3.87,3.92,,,12.43,177.00,15.01,14.99,15.00,147.32,2.24,2.810,245.50,16.08,16.46,16.27,199.29,199.23,199.26,0.66,2.597,3,1,,16.08,15.76
NFA15,5,A,Fidalgo Bay,,,177,1.89,1.81,1.85,,,3.43,177.00,7.73,7.75,7.74,40.54,2.24,0.773,245.50,10.02,10.67,10.35,78.95,84.39,81.67,1.52,2.057,3,1,,10.02,9.87
NFA15,6,A,Fidalgo Bay,,,177,3.08,3.20,3.14,,,7.04,177.00,10.58,10.41,10.50,76.25,2.16,1.442,245.50,11.74,12.44,12.09,119.96,118.53,119.25,0.97,2.150,3,1,,11.74,11.52
NFA15,7,A,Fidalgo Bay,,,177,4.08,4.20,4.14,,,10.77,177.00,11.56,11.75,11.66,102.70,2.04,1.915,245.50,17.1,16.64,16.87,185.11,185.67,185.39,1.28,4.135,3,1,,16.21,16.64
NFA15,8,A,Fidalgo Bay,n,edge,177,1.86,1.88,1.87,,,3.30,177.00,7.19,7.40,7.30,35.41,2.15,0.669,245.50,7.17,7.3,7.24,36.85,36.38,36.62,0.07,0.061,3,1,,7.17,7.03
NFA15,9,A,Fidalgo Bay,,,177,1.60,1.64,1.62,,,2.73,177.00,6.97,7.25,7.11,43.12,2.50,0.841,245.50,8.76,8.75,8.76,,,#DIV/0!,#DIV/0!,#DIV/0!,3,1,,8.76,8.75
NFA15,10,A,Fidalgo Bay,,,177,2.91,3.14,3.03,,,8.57,177.00,11.91,12.15,12.03,110.27,2.31,2.119,245.50,14.2,15.14,14.67,185.16,186.33,185.75,1.13,3.774,3,1,,14.2,13.92
NFA15,11,A,Fidalgo Bay,n,edge,177,2.44,2.33,2.39,,,4.83,177.00,4.50,4.41,4.46,17.16,1.15,0.257,245.50,5.25,5.31,5.28,,,#DIV/0!,#DIV/0!,#DIV/0!,3,1,,5.25,5.31
NFA15,12,A,Fidalgo Bay,,,177,3.56,3.60,3.58,,,10.58,177.00,10.87,11.22,11.05,106.02,2.09,1.988,245.50,16.06,15.48,15.77,177.46,176.98,177.22,1.12,3.560,3,1,,15,15.48
NFA2,1,A,Fidalgo Bay,,,231,3.70,3.58,3.64,,,6.98,187.00,10.26,10.23,10.25,88.41,2.30,1.697,254.00,13.26,13.14,13.20,129.36,131.06,130.21,0.84,2.090,1,1,,13.26,13.14
NFA2,2,A,Fidalgo Bay,,,231,3.99,4.12,4.06,,,10.96,187.00,13.96,13.89,13.93,128.74,2.23,2.454,254.00,16.03,16.47,16.25,210.14,206.15,208.15,1.04,3.970,1,1,,16.03,16.47
NFA2,3,A,Fidalgo Bay,n,edge,231,1.76,1.72,1.74,,,3.36,187.00,4.28,4.54,4.41,15.33,1.37,0.249,254.00,5.59,5.2,5.40,25.47,25.58,25.53,1.11,0.510,1,1,,5.59,5.2
NFA2,4,A,Fidalgo Bay,,,231,2.49,2.31,2.40,,,5.10,187.00,9.06,9.23,9.15,58.62,2.21,1.115,254.00,10.74,10.7,10.72,73.68,77.94,75.81,0.56,0.860,1,1,,10.74,10.7
NFA2,5,A,Fidalgo Bay,,,231,2.12,2.47,2.30,,,7.00,187.00,8.55,8.67,8.61,52.47,1.82,0.947,254.00,9.37,9.37,9.37,67.54,68.66,68.10,0.57,0.782,1,1,,9.37,9.37
NFA2,6,A,Fidalgo Bay,,,231,3.76,3.88,3.82,,,11.53,187.00,11.04,10.74,10.89,86.50,1.82,1.562,254.00,12.43,12.65,12.54,124.90,126.87,125.89,0.81,1.969,1,1,,12.43,12.65
NFA2,7,A,Fidalgo Bay,,,231,3.16,3.33,3.25,,,8.04,187.00,11.22,11.06,11.14,91.05,2.20,1.729,254.00,14.37,14.64,14.51,165.94,160.79,163.37,1.27,3.616,1,1,,14.37,14.64
NFA2,8,A,Fidalgo Bay,,,231,2.08,2.22,2.15,,,3.59,187.00,6.66,6.89,6.78,33.50,2.02,0.623,254.00,9.68,9.47,9.58,61.74,61.59,61.67,1.33,1.409,1,1,,9.68,9.47
NFA2,9,A,Fidalgo Bay,,,231,1.94,1.94,1.94,,,4.79,187.00,7.15,7.34,7.25,38.12,1.88,0.694,254.00,8.83,8.92,8.88,65.06,63.28,64.17,1.13,1.303,1,1,,8.83,8.92
NFA2,10,A,Fidalgo Bay,,,231,2.62,2.65,2.64,,,7.34,187.00,10.39,10.44,10.42,94.36,2.31,1.813,254.00,12.87,13.18,13.03,159.44,156.95,158.20,1.12,3.192,1,1,,12.87,13.18
NFA2,11,A,Fidalgo Bay,,,231,1.88,1.68,1.78,,,3.42,187.00,8.17,7.94,8.06,49.80,2.42,0.966,254.00,9.44,10.02,9.73,,,#DIV/0!,#DIV/0!,#DIV/0!,1,1,,9.44,10.02
NFA2,12,A,Fidalgo Bay,,,231,1.99,2.03,2.01,,,3.58,187.00,9.14,9.19,9.17,63.34,2.60,1.245,254.00,12.01,12.08,12.05,107.88,107.87,107.88,1.16,2.227,1,1,,12.01,12.08
NFA2,13,A,Fidalgo Bay,,,231,3.11,3.41,3.26,,,9.02,187.00,13.27,13.38,13.33,120.52,2.35,2.323,254.00,16.4,16.6,16.50,189.90,192.63,191.27,1.00,3.537,1,1,,16.4,16.6
NFA2,14,A,Fidalgo Bay,,,231,3.04,3.14,3.09,,,9.18,187.00,11.04,10.96,11.00,95.10,2.12,1.790,254.00,15.16,15.3,15.23,161.83,155.50,158.67,1.11,3.178,1,1,,15.16,15.3
NFA2,15,A,Fidalgo Bay,,,231,2.52,2.29,2.41,,,7.04,187.00,10.92,10.91,10.92,82.22,2.22,1.566,254.00,14.24,14.53,14.39,142.65,142.99,142.82,1.20,3.030,1,1,,14.24,14.53
NFA2,16,A,Fidalgo Bay,n,edge,231,2.29,2.43,2.36,,,4.82,187.00,3.14,2.92,3.03,23.51,1.43,0.389,254.00,5.84,5.78,5.81,,,#DIV/0!,#DIV/0!,#DIV/0!,1,1,,5.84,5.78
NFA2,17,A,Fidalgo Bay,,,231,3.34,3.34,3.34,,,6.84,187.00,9.77,9.67,9.72,63.76,2.02,1.186,254.00,11.81,11.85,11.83,110.61,107.07,108.84,1.16,2.254,1,1,,11.81,11.85
NFA2,18,A,Fidalgo Bay,,,231,3.92,4.04,3.98,,,11.22,187.00,14.98,14.85,14.92,139.71,2.28,2.677,254.00,18.44,18.36,18.40,237.60,244.53,241.07,1.18,5.068,1,1,,18.44,18.36
NFA2,19,A,Fidalgo Bay,,,231,1.93,2.18,2.06,,,4.02,187.00,8.36,8.15,8.26,49.95,2.28,0.957,254.00,10,10.02,10.01,85.24,85.04,85.14,1.16,1.760,1,1,,10,10.02
NFA2,20,A,Fidalgo Bay,,,231,2.14,2.01,2.08,,,3.46,187.00,3.69,3.75,3.72,10.67,1.02,0.150,254.00,5.59,5.75,5.67,31.97,31.02,31.50,2.35,1.042,1,1,,5.59,5.75
NFA2,21,A,Fidalgo Bay,,,231,2.66,2.78,2.72,,,7.60,187.00,10.17,10.36,10.27,72.95,2.05,1.361,254.00,13.98,14.36,14.17,145.45,146.13,145.79,1.50,3.642,1,1,,13.98,14.36
NFA2,22,A,Fidalgo Bay,,,231,3.57,3.79,3.68,,,12.06,187.00,12.15,12.24,12.20,93.90,1.86,1.705,254.00,13.84,14.14,13.99,132.99,139.13,136.06,0.81,2.108,1,1,,13.84,14.14
NFA2,23,A,Fidalgo Bay,,,231,3.11,3.11,3.11,,,7.97,187.00,13.10,13.25,13.18,121.54,2.47,2.366,254.00,18.03,17.43,17.73,226.40,226.75,226.58,1.35,5.252,1,1,,18.03,17.43
NFA2,24,A,Fidalgo Bay,,,231,1.30,1.59,1.45,,,1.89,187.00,4.31,4.35,4.33,12.02,1.68,0.211,254.00,6.42,6.51,6.47,24.41,23.25,23.83,1.49,0.591,1,1,,6.42,6.51
NFA2,25,A,Fidalgo Bay,,,231,3.99,4.19,4.09,,,13.19,187.00,14.24,14.22,14.23,153.39,2.22,2.921,254.00,17.76,17.88,17.82,243.20,245.22,244.21,1.01,4.541,1,1,,17.76,17.88
NFA4,1,A,Fidalgo Bay,,,228,2.29,2.11,2.20,,,3.77,193.00,5.27,5.41,5.34,22.42,1.61,0.389,223.00,8.24,8,8.12,49.10,49.34,49.22,1.71,1.340,3,1,,8.24,8
NFA4,2,A,Fidalgo Bay,,,228,1.26,1.35,1.31,,,1.87,193.00,5.42,5.49,5.46,23.08,2.28,0.442,223.00,8.2,8.08,8.14,47.14,47.39,47.27,1.56,1.209,3,1,,8.2,8.08
NFA4,3,A,Fidalgo Bay,,,228,1.37,1.33,1.35,,,1.85,193.00,3.21,3.52,3.37,9.81,1.51,0.166,223.00,4.61,4.52,4.57,16.77,16.80,16.79,1.17,0.349,3,1,,4.61,4.52
NFA4,4,A,Fidalgo Bay,,,228,1.14,1.23,1.19,,,1.42,193.00,3.78,3.52,3.65,9.20,1.69,0.162,223.00,5.76,5.76,5.76,22.02,22.00,22.01,1.89,0.641,3,1,,5.76,5.76
NFA4,5,A,Fidalgo Bay,n,edge,228,2.04,2.16,2.10,,,3.44,193.00,9.19,9.15,9.17,55.58,2.52,1.086,223.00,10.65,10.71,10.68,,,#DIV/0!,#DIV/0!,#DIV/0!,3,1,,10.65,10.71
NFA4,6,A,Fidalgo Bay,,,228,1.19,1.17,1.18,,,1.61,193.00,4.95,5.05,5.00,17.35,2.15,0.328,223.00,7.35,7.22,7.29,41.05,39.91,40.48,1.84,1.157,3,1,,7.35,7.22
NFA4,7,A,Fidalgo Bay,,,228,1.21,1.27,1.24,,,2.00,193.00,5.14,5.42,5.28,19.87,2.08,0.372,223.00,6.41,6.57,6.49,35.21,36.65,35.93,1.29,0.803,3,1,,6.41,6.57
NFA4,8,A,Fidalgo Bay,,,228,1.86,2.07,1.97,,,4.41,193.00,10.51,10.78,10.65,83.53,2.66,1.649,223.00,14.14,14.19,14.17,140.71,138.03,139.37,1.11,2.792,3,1,,14.14,14.19
NFA4,9,A,Fidalgo Bay,,,228,2.29,2.34,2.32,,,5.53,193.00,9.97,9.78,9.88,65.89,2.24,1.258,223.00,12.85,12.91,12.88,119.03,119.05,119.04,1.28,2.658,3,1,,12.85,12.91
NFA4,10,A,Fidalgo Bay,,,228,1.74,1.72,1.73,,,3.54,193.00,7.70,8.07,7.89,50.11,2.40,0.970,223.00,9.65,9.88,9.77,73.00,75.66,74.33,0.86,1.211,3,1,,9.65,9.88
NFA4,11,A,Fidalgo Bay,,,228,2.61,2.49,2.55,,,6.38,193.00,11.51,11.81,11.66,99.08,2.48,1.931,223.00,13.65,13.92,13.79,141.12,145.29,143.21,0.80,2.206,3,1,,13.65,13.92
NFA4,12,A,Fidalgo Bay,,,228,2.43,2.43,2.43,,,5.60,193.00,10.43,10.82,10.63,71.44,2.30,1.372,223.00,12.45,12.15,12.30,119.68,119.81,119.75,1.12,2.415,3,1,,12.45,12.15
NFA4,13,A,Fidalgo Bay,,,228,2.56,2.77,2.67,,,6.30,193.00,11.97,12.02,12.00,100.83,2.51,1.970,223.00,14.07,13.98,14.03,162.57,161.77,162.17,1.03,3.067,3,1,,14.07,13.98
NFA4,14,A,Fidalgo Bay,,,228,1.37,1.45,1.41,,,2.42,193.00,7.84,7.76,7.80,41.47,2.57,0.814,223.00,9.5,9.71,9.61,57.26,59.39,58.33,0.74,0.843,3,1,,9.5,9.71
NFA4,15,A,Fidalgo Bay,,,228,1.87,1.87,1.87,,,3.16,193.00,10.02,10.36,10.19,76.16,2.88,1.521,223.00,12.81,13.48,13.15,127.19,128.79,127.99,1.13,2.592,3,1,,12.81,13.48
NFA4,16,A,Fidalgo Bay,n,edge,228,0.84,0.88,0.86,,,0.95,193.00,2.29,2.11,2.20,3.55,1.19,0.054,223.00,2.51,2.51,2.51,,,#DIV/0!,#DIV/0!,#DIV/0!,3,1,,2.51,2.51
NFA4,17,A,Fidalgo Bay,,,228,0.84,0.88,0.86,,,2.91,193.00,7.95,8.03,7.99,48.40,2.54,0.948,223.00,,,#DIV/0!,,,#DIV/0!,#DIV/0!,#DIV/0!,3,1,,,
NFA6,1,A,Fidalgo Bay,,,298,2.34,2.33,2.34,,,5.30,206.00,8.60,8.70,8.65,56.31,2.14,1.063,236.00,12,12,12.00,104.94,106.65,105.80,1.37,2.475,3,1,,12,12
NFA6,2,A,Fidalgo Bay,,Gone,298,1.71,1.76,1.74,,,2.58,206.00,gone,#VALUE!,#VALUE!,,#NUM!,-0.054,236.00,#VALUE!,#VALUE!,#VALUE!,,,#DIV/0!,#DIV/0!,#DIV/0!,3,1,,#VALUE!,#VALUE!
NFA6,3,A,Fidalgo Bay,n,dead,298,1.09,1.18,1.14,,,1.41,206.00,1.60,1.60,1.60,2.42,0.49,0.021,236.00,1.9,1.9,1.90,,,#DIV/0!,#DIV/0!,#DIV/0!,3,1,,1.9,1.9
NFA6,4,A,Fidalgo Bay,,Gone,298,1.35,1.30,1.33,,,2.15,206.00,gone,#VALUE!,#VALUE!,,#NUM!,-0.045,236.00,#VALUE!,#VALUE!,#VALUE!,,,#DIV/0!,#DIV/0!,#DIV/0!,3,1,,#VALUE!,#VALUE!
NFA6,5,A,Fidalgo Bay,,,298,2.16,2.10,2.13,,,5.87,206.00,11.30,11.50,11.40,98.09,2.55,1.921,236.00,14.2,14.2,14.20,155.17,155.50,155.34,1.00,2.863,3,1,,14.2,14.2
NFA6,6,A,Fidalgo Bay,,,298,1.91,2.06,1.99,,,3.71,206.00,7.60,7.90,7.75,41.60,2.19,0.789,236.00,10,10.1,10.05,73.98,76.37,75.18,1.29,1.679,3,1,,10,10.1
NFA6,7,A,Fidalgo Bay,,,298,1.74,1.78,1.76,,,2.87,206.00,6.20,6.20,6.20,30.33,2.13,0.572,236.00,9,8.9,8.95,56.04,56.69,56.37,1.35,1.302,3,1,,9,8.9
NFA6,8,A,Fidalgo Bay,,,298,2.32,2.55,2.44,,,5.18,206.00,8.90,9.10,9.00,61.26,2.23,1.168,236.00,13.2,13.3,13.25,129.15,125.33,127.24,1.59,3.299,3,1,,13.2,13.3
NFA6,9,A,Fidalgo Bay,,,298,1.99,2.24,2.12,,,3.61,206.00,10.76,10.75,10.76,81.28,2.82,1.618,236.00,14.47,14.25,14.36,159.41,155.92,157.67,1.44,3.819,3,1,,,
NFA7,1,A,Fidalgo Bay,n,edge,223,2.00,1.97,1.99,,,2.38,187.00,6.50,6.40,6.45,31.29,2.33,0.602,254.00,8.9,8.6,8.75,,,#DIV/0!,#DIV/0!,#DIV/0!,1,1,,8.9,8.6
NFA7,2,A,Fidalgo Bay,,Gone,223,1.34,1.17,1.26,,,1.35,187.00,gone,#VALUE!,#VALUE!,,#NUM!,-0.028,254.00,#VALUE!,#VALUE!,#VALUE!,,,#DIV/0!,#DIV/0!,#DIV/0!,1,1,,#VALUE!,#VALUE!
NFA7,3,A,Fidalgo Bay,,,223,2.54,2.62,2.58,,,4.50,187.00,8.80,8.60,8.70,51.31,2.20,0.975,254.00,11.5,11.5,11.50,93.19,93.27,93.23,1.30,2.096,1,1,,11.5,11.5
NFA7,4,A,Fidalgo Bay,,,223,2.12,1.96,2.04,,,2.91,187.00,4.20,4.20,4.20,12.21,1.30,0.194,254.00,6.2,6,6.10,28.07,27.66,27.87,1.79,0.783,1,1,,6.2,6
NFA7,5,A,Fidalgo Bay,,,223,3.07,2.98,3.03,,,7.50,187.00,9.50,9.60,9.55,61.10,1.90,1.117,254.00,12.3,12.4,12.35,105.72,100.27,103.00,1.13,2.095,1,1,,12.3,12.4
NFA7,6,A,Fidalgo Bay,,Gone,223,1.16,1.14,1.15,,,1.12,187.00,gone,#VALUE!,#VALUE!,,#NUM!,-0.023,254.00,#VALUE!,#VALUE!,#VALUE!,,,#DIV/0!,#DIV/0!,#DIV/0!,1,1,,#VALUE!,#VALUE!
NFA7,7,A,Fidalgo Bay,,,223,2.99,3.06,3.03,,,7.33,187.00,10.10,10.40,10.25,75.66,2.11,1.424,254.00,13,13,13.00,117.80,120.74,119.27,0.99,2.181,1,1,,13,13
NFA7,8,A,Fidalgo Bay,,,223,1.10,1.09,1.10,,,1.61,187.00,3.00,3.00,3.00,5.92,1.18,0.090,254.00,4.1,4.2,4.15,,,#DIV/0!,#DIV/0!,#DIV/0!,1,1,,4.1,4.2
NFA7,9,A,Fidalgo Bay,,,223,2.66,2.62,2.64,,,5.55,187.00,10.80,10.70,10.75,83.81,2.46,1.630,254.00,12.6,12.4,12.50,129.79,131.51,130.65,0.96,2.342,1,1,,12.6,12.4
NFA7,10,A,Fidalgo Bay,n,dead,223,1.25,1.08,1.17,,,1.71,187.00,1.60,1.80,1.70,2.98,0.50,0.026,254.00,2.3,2.3,2.30,,,#DIV/0!,#DIV/0!,#DIV/0!,1,1,,2.3,2.3
NFA7,11,A,Fidalgo Bay,,,223,2.07,2.06,2.07,,,3.93,187.00,5.80,5.90,5.85,27.07,1.75,0.482,254.00,7.3,7.3,7.30,42.45,41.04,41.75,0.94,0.734,1,1,,7.3,7.3
NFA7,12,A,Fidalgo Bay,,,223,1.58,1.57,1.58,,,2.45,187.00,5.70,5.70,5.70,21.34,1.96,0.393,254.00,7.8,8.3,8.05,49.04,49.17,49.11,1.81,1.389,1,1,,7.8,8.3
NFA7,13,A,Fidalgo Bay,n,edge,223,1.41,1.38,1.40,,,1.75,187.00,6.60,6.50,6.55,28.65,2.53,0.560,254.00,8.8,8.5,8.65,47.02,48.08,47.55,1.10,0.945,1,1,,8.8,8.5
NFA9,1,A,Fidalgo Bay,,Gone,220,2.20,2.30,2.25,,,4.71,211.00,gone,#VALUE!,#VALUE!,,#NUM!,-0.098,246.00,#VALUE!,#VALUE!,#VALUE!,,,#DIV/0!,#DIV/0!,#DIV/0!,1,1,,#VALUE!,#VALUE!
NFA9,2,A,Fidalgo Bay,,,220,1.80,1.70,1.75,,,2.48,211.00,8.00,8.20,8.10,40.85,2.54,0.799,246.00,11.6,11.6,11.60,99.15,97.99,98.57,1.91,2.886,1,1,,11.6,11.6
NFA9,3,A,Fidalgo Bay,,,220,1.80,1.80,1.80,,,3.12,211.00,9.50,9.70,9.60,62.09,2.71,1.229,246.00,9.6,9.8,9.70,69.74,72.89,71.32,0.30,0.462,1,1,,9.6,9.8
NFA9,4,A,Fidalgo Bay,,,220,1.30,1.30,1.30,,,1.62,211.00,5.50,5.60,5.55,25.32,2.49,0.494,246.00,8.1,8.2,8.15,49.96,49.91,49.94,1.47,1.231,1,1,,8.1,8.2
NFA9,5,A,Fidalgo Bay,n,edge,220,1.50,1.40,1.45,,,2.20,211.00,4.30,4.50,4.40,11.30,1.48,0.189,246.00,4.1,4.2,4.15,,,#DIV/0!,#DIV/0!,#DIV/0!,1,1,,4.1,4.2
NFB12,1,B,Fidalgo Bay,n,sick,255,1.19,1.11,1.15,,,1.10,196.00,2.80,2.90,2.85,4.88,1.34,0.079,,0,#VALUE!,#VALUE!,,,#DIV/0!,#DIV/0!,#DIV/0!,7,1,,0,#VALUE!
NFB12,2,B,Fidalgo Bay,,Gone,255,1.41,1.33,1.37,,,1.57,196.00,gone,#VALUE!,#VALUE!,,#NUM!,-0.033,,0,#VALUE!,#VALUE!,,,#DIV/0!,#DIV/0!,#DIV/0!,7,1,,0,#VALUE!
NFB12,3,B,Fidalgo Bay,n,sick,255,1.24,1.21,1.23,,,1.35,196.00,4.70,4.70,4.70,5.54,1.28,0.087,,0,#VALUE!,#VALUE!,,,#DIV/0!,#DIV/0!,#DIV/0!,7,1,,0,#VALUE!
NFB12,4,B,Fidalgo Bay,,,255,2.15,2.25,2.20,,,4.89,196.00,10.60,10.70,10.65,42.18,1.95,0.777,,0,#VALUE!,#VALUE!,,,#DIV/0!,#DIV/0!,#DIV/0!,7,1,,0,#VALUE!
NFB12,5,B,Fidalgo Bay,n,edge,255,1.16,1.19,1.18,,,1.83,196.00,8.10,8.00,8.05,19.01,2.12,0.358,,0,#VALUE!,#VALUE!,,,#DIV/0!,#DIV/0!,#DIV/0!,7,1,,0,#VALUE!
NFB12,6,B,Fidalgo Bay,,Gone,255,1.01,1.03,1.02,,,1.07,196.00,gone,#VALUE!,#VALUE!,,#NUM!,-0.022,,0,#VALUE!,#VALUE!,,,#DIV/0!,#DIV/0!,#DIV/0!,7,1,,0,#VALUE!
NFB12,7,B,Fidalgo Bay,,Gone,255,1.02,1.08,1.05,,,1.04,196.00,gone,#VALUE!,#VALUE!,,#NUM!,-0.022,,0,#VALUE!,#VALUE!,,,#DIV/0!,#DIV/0!,#DIV/0!,7,1,,0,#VALUE!
NFB12,8,B,Fidalgo Bay,,,255,1.11,1.14,1.13,,,1.30,196.00,8.20,8.10,8.15,16.03,2.27,0.307,,0,#VALUE!,#VALUE!,,,#DIV/0!,#DIV/0!,#DIV/0!,7,1,,0,#VALUE!
NFB12,9,B,Fidalgo Bay,,Gone,255,1.50,1.53,1.52,,,2.58,196.00,gone,#VALUE!,#VALUE!,,#NUM!,-0.054,,0,#VALUE!,#VALUE!,,,#DIV/0!,#DIV/0!,#DIV/0!,7,1,,0,#VALUE!
NFB13,1,B,Fidalgo Bay,,Gone,265,1.00,1.10,1.05,,,,175.00,gone,#VALUE!,#VALUE!,,#NUM!,0.000,,#VALUE!,#VALUE!,#VALUE!,,,#DIV/0!,#DIV/0!,#DIV/0!,7,1,,#VALUE!,#VALUE!
NFB13,2,B,Fidalgo Bay,,Gone,265,1.40,1.40,1.40,,,,175.00,gone,#VALUE!,#VALUE!,,#NUM!,0.000,,#VALUE!,#VALUE!,#VALUE!,,,#DIV/0!,#DIV/0!,#DIV/0!,7,1,,#VALUE!,#VALUE!
NFB15,1,B,Fidalgo Bay,n,sick,275,1.40,1.50,1.45,,,1.55,193.00,3.47,3.55,3.51,7.47,1.42,0.123,,0,#VALUE!,#VALUE!,,,#DIV/0!,#DIV/0!,#DIV/0!,7,1,,0,#VALUE!
NFB16,1,B,Fidalgo Bay,,,254,1.62,1.60,1.61,,,1.87,205.00,8.11,8.04,8.07,42.42,2.83,0.845,,0,#VALUE!,#VALUE!,,,#DIV/0!,#DIV/0!,#DIV/0!,7,1,,0,#VALUE!
NFB16,2,B,Fidalgo Bay,,,254,1.82,1.84,1.83,,,2.34,205.00,6.65,6.65,6.65,27.42,2.23,0.523,,0,#VALUE!,#VALUE!,,,#DIV/0!,#DIV/0!,#DIV/0!,7,1,,0,#VALUE!
NFB16,3,B,Fidalgo Bay,,,254,1.23,1.24,1.23,,,1.39,205.00,gone,#VALUE!,#VALUE!,,#NUM!,-0.029,,0,#VALUE!,#VALUE!,,,#DIV/0!,#DIV/0!,#DIV/0!,7,1,,0,#VALUE!
NFB16,4,B,Fidalgo Bay,,,254,1.18,1.21,1.19,,,0.99,205.00,7.60,7.70,7.65,24.92,2.92,0.498,,0,#VALUE!,#VALUE!,,,#DIV/0!,#DIV/0!,#DIV/0!,7,1,,0,#VALUE!
NFB2,1,B,Fidalgo Bay,,,219,1.23,1.24,1.24,,,1.35,197.00,4.00,4.10,4.05,12.44,2.01,0.231,239.00,6.5,6.5,6.50,,,#DIV/0!,#DIV/0!,#DIV/0!,2,1,,6.5,6.5
NFB2,2,B,Fidalgo Bay,n,sick,219,1.30,1.35,1.33,,,1.64,197.00,2.70,2.70,2.70,5.64,1.12,0.083,239.00,4.2,4.2,4.20,,,#DIV/0!,#DIV/0!,#DIV/0!,2,1,,4.2,4.2
NFB2,3,B,Fidalgo Bay,,,219,2.47,2.45,2.46,,,4.64,197.00,6.50,6.60,6.55,29.22,1.67,0.512,239.00,9,9,9.00,,,#DIV/0!,#DIV/0!,#DIV/0!,2,1,,9,9
NFB2,4,B,Fidalgo Bay,n,dead,219,1.34,1.36,1.35,,,1.45,197.00,2.00,2.00,2.00,3.09,0.68,0.034,239.00,2.7,2.6,2.65,,,#DIV/0!,#DIV/0!,#DIV/0!,2,1,,2.7,2.6
NFB2,5,B,Fidalgo Bay,,,219,1.39,1.49,1.44,,,2.20,197.00,3.00,2.80,2.90,6.94,1.04,0.099,239.00,4.7,4.6,4.65,,,#DIV/0!,#DIV/0!,#DIV/0!,2,1,,4.7,4.6
NFB2,6,B,Fidalgo Bay,,,219,2.13,1.96,2.05,,,3.54,197.00,4.00,4.20,4.10,14.32,1.26,0.224,239.00,7.3,7.4,7.35,,,#DIV/0!,#DIV/0!,#DIV/0!,2,1,,7.3,7.4
NFB2,7,B,Fidalgo Bay,,,219,1.20,1.29,1.25,,,1.16,197.00,4.80,4.90,4.85,16.25,2.39,0.314,239.00,6.6,6.6,6.60,,,#DIV/0!,#DIV/0!,#DIV/0!,2,1,,6.6,6.6
NFB2,8,B,Fidalgo Bay,,,219,1.71,1.75,1.73,,,2.14,197.00,5.10,5.10,5.10,21.90,2.10,0.412,239.00,8.2,8.5,8.35,,,#DIV/0!,#DIV/0!,#DIV/0!,2,1,,8.2,8.5
NFB2,9,B,Fidalgo Bay,,,219,1.31,1.37,1.34,,,1.98,197.00,4.10,4.00,4.05,12.04,1.63,0.210,239.00,7.2,7.1,7.15,,,#DIV/0!,#DIV/0!,#DIV/0!,2,1,,7.2,7.1
NFB2,10,B,Fidalgo Bay,,,219,1.07,1.16,1.12,,,1.34,197.00,3.40,3.50,3.45,8.99,1.72,0.159,239.00,6,6,6.00,,,#DIV/0!,#DIV/0!,#DIV/0!,2,1,,6,6
NFB2,11,B,Fidalgo Bay,,,219,0.85,0.92,0.89,,,1.05,197.00,gone,#VALUE!,#VALUE!,,#NUM!,-0.022,239.00,#VALUE!,#VALUE!,#VALUE!,,,#DIV/0!,#DIV/0!,#DIV/0!,2,1,,#VALUE!,#VALUE!
NFB2,15,B,Fidalgo Bay,,,219,1.79,1.82,1.81,,,3.56,197.00,4.70,4.70,4.70,15.41,1.33,0.247,239.00,6.9,6.9,6.90,,,#DIV/0!,#DIV/0!,#DIV/0!,2,1,,6.9,6.9
NFB3,1,B,Fidalgo Bay,,,278,2.50,2.50,2.50,,,,189.00,gone,#VALUE!,#VALUE!,,#NUM!,0.000,,#VALUE!,#VALUE!,#VALUE!,,,#DIV/0!,#DIV/0!,#DIV/0!,7,1,,#VALUE!,#VALUE!
NFB3,2,B,Fidalgo Bay,,,278,0.80,0.90,0.85,,,,189.00,gone,#VALUE!,#VALUE!,,#NUM!,0.000,,#VALUE!,#VALUE!,#VALUE!,,,#DIV/0!,#DIV/0!,#DIV/0!,7,1,,#VALUE!,#VALUE!
NFB7,1,B,Fidalgo Bay,,,264,1.10,1.10,1.10,,,1.28,198.00,4.30,4.40,4.35,12.60,2.07,0.236,275.00,6.3,6.5,6.40,,,#DIV/0!,#DIV/0!,#DIV/0!,2,1,,6.3,6.5
NFB7,2,B,Fidalgo Bay,,,264,1.30,1.30,1.30,,,1.78,198.00,4.10,4.00,4.05,12.71,1.78,0.228,275.00,7.3,7.3,7.30,,,#DIV/0!,#DIV/0!,#DIV/0!,2,1,,7.3,7.3
NFB9,1,B,Fidalgo Bay,,,268,0.95,1.01,0.98,,,,,gone,#VALUE!,#VALUE!,,#NUM!,0.000,,#VALUE!,m,#VALUE!,,,#DIV/0!,#DIV/0!,#DIV/0!,7,1,,#VALUE!,m
NFB9,2,B,Fidalgo Bay,,,268,0.92,0.93,0.93,,,,,gone,#VALUE!,#VALUE!,,#NUM!,0.000,,m,m,#DIV/0!,,,#DIV/0!,#DIV/0!,#DIV/0!,7,1,,m,m
NFB9,3,B,Fidalgo Bay,,,268,0.83,0.89,0.86,,,,,gone,#VALUE!,#VALUE!,,#NUM!,0.000,,m,m,#DIV/0!,,,#DIV/0!,#DIV/0!,#DIV/0!,7,1,,m,m
NFB9,4,B,Fidalgo Bay,,,268,0.98,1.02,1.00,,,,,gone,#VALUE!,#VALUE!,,#NUM!,0.000,,m,m,#DIV/0!,,,#DIV/0!,#DIV/0!,#DIV/0!,7,1,,m,m
NFB9,5,B,Fidalgo Bay,,,268,0.95,0.93,0.94,,,,,gone,#VALUE!,#VALUE!,,#NUM!,0.000,,m,m,#DIV/0!,,,#DIV/0!,#DIV/0!,#DIV/0!,7,1,,m,m
NFB9,6,B,Fidalgo Bay,,,268,0.81,0.79,0.80,,,,,gone,#VALUE!,#VALUE!,,#NUM!,0.000,,m,m,#DIV/0!,,,#DIV/0!,#DIV/0!,#DIV/0!,7,1,,m,m
NFB9,7,B,Fidalgo Bay,,,268,1.06,0.99,1.03,,,,,gone,#VALUE!,#VALUE!,,#NUM!,0.000,,m,m,#DIV/0!,,,#DIV/0!,#DIV/0!,#DIV/0!,7,1,,m,m
NFB9,8,B,Fidalgo Bay,,,268,0.80,0.82,0.81,,,,,gone,#VALUE!,#VALUE!,,#NUM!,0.000,,m,m,#DIV/0!,,,#DIV/0!,#DIV/0!,#DIV/0!,7,1,,m,m
NFB9,9,B,Fidalgo Bay,,,268,0.65,0.71,0.68,,,,,gone,#VALUE!,#VALUE!,,#NUM!,0.000,,m,m,#DIV/0!,,,#DIV/0!,#DIV/0!,#DIV/0!,7,1,,m,m
NFB9,10,B,Fidalgo Bay,,,268,0.99,0.99,0.99,,,,,gone,#VALUE!,#VALUE!,,#NUM!,0.000,,m,m,#DIV/0!,,,#DIV/0!,#DIV/0!,#DIV/0!,7,1,,m,m
NFB9,11,B,Fidalgo Bay,,,268,0.79,0.78,0.79,,,,,gone,#VALUE!,#VALUE!,,#NUM!,0.000,,m,m,#DIV/0!,,,#DIV/0!,#DIV/0!,#DIV/0!,7,1,,m,m
NFB9,12,B,Fidalgo Bay,,,268,0.68,0.74,0.71,,,,,gone,#VALUE!,#VALUE!,,#NUM!,0.000,,m,m,#DIV/0!,,,#DIV/0!,#DIV/0!,#DIV/0!,7,1,,m,m
NFB9,13,B,Fidalgo Bay,,,268,0.80,0.82,0.81,,,,,gone,#VALUE!,#VALUE!,,#NUM!,0.000,,m,m,#DIV/0!,,,#DIV/0!,#DIV/0!,#DIV/0!,7,1,,m,m
NFB9,14,B,Fidalgo Bay,,,268,0.58,0.58,0.58,,,,,gone,#VALUE!,#VALUE!,,#NUM!,0.000,,m,m,#DIV/0!,,,#DIV/0!,#DIV/0!,#DIV/0!,7,1,,m,m
NFB9,15,B,Fidalgo Bay,,,268,0.66,0.67,0.67,,,,,gone,#VALUE!,#VALUE!,,#NUM!,0.000,,m,m,#DIV/0!,,,#DIV/0!,#DIV/0!,#DIV/0!,7,1,,m,m
SSA1,1,A,Oyster Bay,,,200,1.90,2.00,1.95,,,3.64,184.00,7.30,7.20,7.25,36.68,2.09,0.688,227.00,9.4,9.3,9.35,66.36,66.36,66.36,1.29,1.484,1,1,,9.4,9.3
SSA1,2,A,Oyster Bay,,,200,1.40,1.60,1.50,,,2.27,184.00,5.30,5.40,5.35,21.69,2.04,0.405,227.00,7.6,7.7,7.65,45.18,43.85,44.52,1.56,1.141,1,1,,7.6,7.7
SSA1,3,A,Oyster Bay,,,200,1.40,1.40,1.40,,,1.99,184.00,6.40,6.50,6.45,29.18,2.43,0.567,227.00,9.5,9.5,9.50,59.03,59.84,59.44,1.54,1.513,1,1,,9.5,9.5
SSA1,4,A,Oyster Bay,,,200,2.10,2.10,2.10,,,3.70,184.00,9.00,9.10,9.05,58.70,2.50,1.146,227.00,12.3,12,12.15,116.64,117.53,117.09,1.50,2.919,1,1,,12.3,12
SSA1,5,A,Oyster Bay,,,200,2.20,2.20,2.20,,,4.05,184.00,9.20,9.10,9.15,56.70,2.39,1.097,227.00,12.4,12.4,12.40,115.92,117.60,116.76,1.57,3.003,1,1,,12.4,12.4
SSA1,6,A,Oyster Bay,n,dead,200,2.30,2.30,2.30,,,4.87,184.00,3.10,3.10,3.10,8.02,0.45,0.066,227.00,,,,,,#DIV/0!,#DIV/0!,#DIV/0!,1,1,,3.2,3.2
SSA10,1,A,Oyster Bay,,,236,3.78,3.70,3.74,,,11.02,157.00,11.96,11.89,11.93,119.08,2.15,2.251,205.00,16.78,17.36,17.07,202.42,203.30,202.86,1.16,4.189,3,1,,16.78,16.92
SSA10,2,A,Oyster Bay,n,touching,236,2.79,2.71,2.75,,,5.49,157.00,7.70,7.56,7.63,41.82,1.84,0.757,205.00,9.23,9.33,9.28,,,#DIV/0!,#DIV/0!,#DIV/0!,3,1,,9.23,9.33
SSA10,3,A,Oyster Bay,n,touching,236,2.33,2.31,2.32,,,5.39,157.00,9.29,9.43,9.36,61.09,2.20,1.160,205.00,11.15,10.24,10.70,,,#DIV/0!,#DIV/0!,#DIV/0!,3,1,,11.15,10.24
SSA10,4,A,Oyster Bay,,,236,1.95,1.99,1.97,,,3.70,157.00,11.16,11.46,11.31,86.38,2.85,1.722,205.00,14.62,14.8,14.71,170.40,165.51,167.96,1.44,4.079,3,1,,14.62,14.8
SSA10,5,A,Oyster Bay,,,236,2.35,2.49,2.42,,,4.96,157.00,10.95,10.83,10.89,99.16,2.71,1.962,205.00,13.95,14.05,14.00,176.36,173.07,174.72,1.23,3.778,3,1,,13.95,14.05
SSA10,6,A,Oyster Bay,,,236,2.18,2.27,2.23,,,4.72,157.00,7.34,7.55,7.45,39.72,1.93,0.729,205.00,10.01,9.95,9.98,69.58,69.26,69.42,1.21,1.485,3,1,,10.01,9.95
SSA10,7,A,Oyster Bay,n,edge,236,0.83,0.93,0.88,,,0.76,157.00,1.98,1.94,1.96,,#NUM!,-0.016,205.00,2.09,2.3,2.20,,,#DIV/0!,#DIV/0!,#DIV/0!,3,1,,2.09,2.3
SSA10,8,A,Oyster Bay,,,236,1.57,1.61,1.59,,,2.04,157.00,2.72,2.74,2.73,5.19,0.84,0.066,205.00,4.45,4.17,4.31,13.94,14.54,14.24,2.19,0.452,3,1,,3.91,4.17
SSA10,9,A,Oyster Bay,,,236,1.49,1.55,1.52,,,1.70,157.00,3.27,3.34,3.31,8.19,1.42,0.135,205.00,6.04,6.23,6.14,24.18,24.94,24.56,2.38,0.819,3,1,,5.88,5.74
SSA10,10,A,Oyster Bay,,,236,1.29,1.33,1.31,,,1.46,157.00,2.89,3.02,2.96,9.19,1.67,0.161,205.00,5.46,5.57,5.52,23.79,23.10,23.45,2.03,0.713,3,1,,4.73,5.02
SSA10,11,A,Oyster Bay,,,236,2.05,2.08,2.07,,,3.10,157.00,7.77,7.71,7.74,44.29,2.41,0.858,205.00,10.63,10.77,10.70,84.48,85.95,85.22,1.42,2.046,3,1,,10.39,10.77
SSA10,12,A,Oyster Bay,,,236,2.27,2.35,2.31,,,4.45,157.00,7.67,7.88,7.78,41.25,2.02,0.767,205.00,11.61,11.74,11.68,93.15,93.13,93.14,1.77,2.594,3,1,,11.06,11.3
SSA10,13,A,Oyster Bay,,,236,2.67,2.82,2.75,,,6.62,157.00,11.08,11.13,11.11,94.18,2.40,1.824,205.00,14.13,14.57,14.35,157.52,159.35,158.44,1.13,3.213,3,1,,14.13,14.04
SSA10,14,A,Oyster Bay,,,236,3.82,3.81,3.82,,,11.90,157.00,12.54,12.70,12.62,124.88,2.13,2.354,205.00,16.52,16.53,16.53,189.99,190.67,190.33,0.92,3.273,3,1,,14.42,14.52
SSA10,15,A,Oyster Bay,,Gone,236,1.22,1.26,1.24,,,1.84,157.00,gone,#VALUE!,#VALUE!,,#NUM!,-0.038,208.00,#VALUE!,#VALUE!,#VALUE!,,,#DIV/0!,#DIV/0!,#DIV/0!,3,1,,#VALUE!,#VALUE!
SSA11,1,A,Oyster Bay,,,214,3.30,3.60,3.45,,,12.76,189.00,13.50,13.70,13.60,137.20,2.15,2.593,255.00,18.33,18.05,18.19,234.84,235.49,235.17,1.17,4.898,1,1,,16.6,1.64
SSA11,2,A,Oyster Bay,,Gone,214,2.40,2.50,2.45,,,4.99,189.00,gone,#VALUE!,#VALUE!,,#NUM!,-0.104,255.00,#VALUE!,#VALUE!,#VALUE!,,,#DIV/0!,#DIV/0!,#DIV/0!,1,1,,#VALUE!,#VALUE!
SSA11,3,A,Oyster Bay,,,214,2.70,2.60,2.65,,,6.10,189.00,10.40,10.40,10.40,76.57,2.29,1.468,255.00,13.6,14.04,13.82,135.91,138.92,137.42,1.27,3.042,1,1,,13.6,13.6
SSA11,4,A,Oyster Bay,,,214,1.30,1.30,1.30,,,2.35,189.00,7.60,7.70,7.65,47.81,2.72,0.947,255.00,10,10.71,10.36,77.11,77.47,77.29,1.04,1.474,1,1,,10,9.9
SSA11,5,A,Oyster Bay,,,214,1.20,1.30,1.25,,,2.13,189.00,4.60,4.60,4.60,16.11,1.83,0.291,255.00,5.65,5.7,5.68,22.93,23.00,22.97,0.77,0.343,1,1,,5.4,5.7
SSA13,1,A,Oyster Bay,n,dead,216,1.30,1.40,1.35,,,2.33,181.00,2.60,2.60,2.60,,#NUM!,-0.049,257.00,#VALUE!,#VALUE!,#VALUE!,,,#DIV/0!,#DIV/0!,#DIV/0!,3,1,,#VALUE!,#VALUE!
SSA13,2,A,Oyster Bay,,Gone,216,1.30,1.20,1.25,,,1.35,181.00,gone,#VALUE!,#VALUE!,,#NUM!,-0.028,257.00,#VALUE!,#VALUE!,#VALUE!,,,#DIV/0!,#DIV/0!,#DIV/0!,3,1,,#VALUE!,#VALUE!
SSA13,3,A,Oyster Bay,,Gone,216,1.10,1.10,1.10,,,1.51,181.00,gone,#VALUE!,#VALUE!,,#NUM!,-0.031,257.00,#VALUE!,#VALUE!,#VALUE!,,,#DIV/0!,#DIV/0!,#DIV/0!,3,1,,#VALUE!,#VALUE!
SSA13,4,A,Oyster Bay,,,216,1.30,1.30,1.30,,,1.91,181.00,4.80,4.90,4.85,18.81,2.07,0.352,257.00,7.7,7.7,7.70,47.89,48.28,48.09,2.04,1.464,3,1,,7.7,7.7
SSA13,5,A,Oyster Bay,,,216,1.50,1.50,1.50,,,2.15,181.00,5.30,5.20,5.25,20.36,2.04,0.379,257.00,7.9,8,7.95,41.16,40.26,40.71,1.51,1.018,3,1,,7.9,8
SSA13,6,A,Oyster Bay,,,216,2.00,2.00,2.00,,,4.00,181.00,9.30,9.30,9.30,59.67,2.45,1.160,257.00,11.3,11.1,11.20,91.59,93.28,92.44,0.95,1.638,3,1,,11.3,11.1
SSA13,7,A,Oyster Bay,,,216,1.40,1.40,1.40,,,2.67,181.00,6.50,6.50,6.50,34.54,2.32,0.664,257.00,8.7,8.6,8.65,58.22,61.02,59.62,1.19,1.254,3,1,,8.7,8.6
SSA14,1,A,Oyster Bay,,Gone,234,1.20,1.30,1.25,,,1.98,172.00,gone,#VALUE!,#VALUE!,,#NUM!,-0.041,220.00,#VALUE!,#VALUE!,#VALUE!,,,#DIV/0!,#DIV/0!,#DIV/0!,3,1,,#VALUE!,#VALUE!
SSA14,2,A,Oyster Bay,,,234,2.30,2.40,2.35,,,4.17,172.00,6.00,6.00,6.00,25.50,1.64,0.444,220.00,7,7.1,7.05,49.96,49.09,49.53,1.44,1.201,3,1,,7,7.1
SSA14,3,A,Oyster Bay,,,234,2.20,2.20,2.20,,,4.31,172.00,9.60,9.70,9.65,64.78,2.45,1.260,220.00,12.7,12.7,12.70,123.98,120.22,122.10,1.38,2.866,3,1,,12.7,12.7
SSA14,4,A,Oyster Bay,,,234,2.80,2.70,2.75,,,6.64,172.00,8.40,8.60,8.50,64.69,2.06,1.209,220.00,,,,,,#DIV/0!,#DIV/0!,#DIV/0!,3,1,,10.5,10.7
SSA14,5,A,Oyster Bay,,,234,3.80,3.80,3.80,9.25,9.23,9.24,172.00,11.20,11.00,11.10,104.70,2.20,1.989,220.00,14.3,14.2,14.25,155.64,161.15,158.40,0.90,2.685,3,1,,14.3,14.2
SSA4,1,A,Oyster Bay,,,223,1.80,1.80,1.80,3.02,3.24,3.13,177.00,5.40,5.50,5.45,36.10,2.21,0.687,242.00,7.9,7.8,7.85,41.66,42.72,42.19,0.34,0.305,1,1,,7.9,7.8
SSA4,2,A,Oyster Bay,,,223,2.10,2.00,2.05,4.54,4.69,4.62,177.00,7.80,7.80,7.80,52.10,2.19,0.989,242.00,10.7,10.6,10.65,78.48,73.34,75.91,0.82,1.191,1,1,,10.7,10.6
SSA4,3,A,Oyster Bay,,,223,0.90,0.90,0.90,1.07,1.26,1.17,177.00,3.00,3.00,3.00,8.10,1.75,0.144,242.00,4.9,5,4.95,14.88,16.00,15.44,1.40,0.367,1,1,,4.9,5
SSA4,4,A,Oyster Bay,,,223,2.50,2.70,2.60,6.21,6.25,6.23,177.00,10.10,10.30,10.20,85.00,2.36,1.641,242.00,13,13.3,13.15,133.39,131.18,132.29,0.96,2.364,1,1,,13,13.3
SSA9,1,A,Oyster Bay,,,250,2.22,2.36,2.29,,,4.67,212.00,8.80,8.90,8.85,60.34,2.32,1.160,228.00,11.77,11.78,11.78,103.55,102.41,102.98,1.16,2.132,1,1,,11.77,11.78
SSA9,2,A,Oyster Bay,,Gone,250,2.61,2.50,2.56,,,6.62,212.00,gone,#VALUE!,#VALUE!,,#NUM!,-0.138,228.00,#VALUE!,#VALUE!,#VALUE!,,,#DIV/0!,#DIV/0!,#DIV/0!,1,1,,#VALUE!,#VALUE!
SSA9,3,A,Oyster Bay,,,250,2.61,2.50,2.56,,,5.71,212.00,10.60,10.60,10.60,75.48,2.34,1.453,228.00,13.3,13.4,13.35,138.41,134.86,136.64,1.29,3.058,1,1,,13.3,13.4
SSA9,4,A,Oyster Bay,,,250,1.03,1.06,1.05,,,1.28,212.00,3.60,3.60,3.60,9.74,1.84,0.176,228.00,5.93,6,5.97,26.22,26.22,26.22,2.15,0.824,1,1,,5.93,6
SSA9,5,A,Oyster Bay,n,edge,250,1.66,1.70,1.68,,,2.48,212.00,3.30,3.40,3.35,,#NUM!,-0.052,228.00,#VALUE!,#VALUE!,#VALUE!,,,#DIV/0!,#DIV/0!,#DIV/0!,1,1,,#VALUE!,#VALUE!
SSA9,6,A,Oyster Bay,n,edge,250,1.71,1.72,1.72,,,2.77,212.00,2.40,2.30,2.35,,#NUM!,-0.058,228.00,2.36,2.43,2.40,,,#DIV/0!,#DIV/0!,#DIV/0!,1,1,,2.36,2.43
SSA9,7,A,Oyster Bay,,,250,1.40,1.40,1.40,,,2.45,212.00,7.30,7.50,7.40,39.96,2.53,0.782,228.00,9.93,9.81,9.87,74.72,71.23,72.98,1.31,1.651,1,1,,9.93,9.81
SSA9,8,A,Oyster Bay,,,250,2.31,2.47,2.39,,,4.10,212.00,7.90,7.90,7.90,41.72,2.10,0.784,228.00,9.86,10.12,9.99,76.19,77.01,76.60,1.32,1.744,1,1,,9.86,10.12
SSA9,9,A,Oyster Bay,n,edge,250,0.94,1.03,0.99,,,1.97,212.00,5.00,5.00,5.00,52.54,2.97,1.053,228.00,7.46,7.58,7.52,,,#DIV/0!,#DIV/0!,#DIV/0!,1,1,,7.46,7.58
SSA9,10,A,Oyster Bay,,,250,2.33,2.27,2.30,,,4.53,212.00,8.40,8.40,8.40,51.30,2.20,0.974,228.00,11.29,11.41,11.35,94.64,98.09,96.37,1.37,2.253,1,1,,11.29,11.41
SSA9,11,A,Oyster Bay,,Gone,250,1.25,1.28,1.27,,,1.92,212.00,gone,#VALUE!,#VALUE!,,#NUM!,-0.040,228.00,#VALUE!,#VALUE!,#VALUE!,,,#DIV/0!,#DIV/0!,#DIV/0!,1,1,,#VALUE!,#VALUE!
SSB6,1,B,Oyster Bay,,,259,0.90,1.00,0.95,,,1.57,196.00,4.70,4.70,4.70,17.21,2.17,0.326,263.00,7.9,7.9,7.90,,,#DIV/0!,#DIV/0!,#DIV/0!,2,1,,7.9,7.9
SSB1,1,B,Oyster Bay,,Gone,299,0.80,0.80,0.80,,,,218.00,gone,#VALUE!,#VALUE!,,#NUM!,0.000,,#VALUE!,#VALUE!,#VALUE!,,,#DIV/0!,#DIV/0!,#DIV/0!,2,1,,#VALUE!,#VALUE!
SSB1,2,B,Oyster Bay,,Gone,299,0.70,0.80,0.75,,,,218.00,gone,#VALUE!,#VALUE!,,#NUM!,0.000,,#VALUE!,#VALUE!,#VALUE!,,,#DIV/0!,#DIV/0!,#DIV/0!,2,1,,#VALUE!,#VALUE!
SSB1,3,B,Oyster Bay,,Gone,299,0.60,0.60,0.60,,,,218.00,gone,#VALUE!,#VALUE!,,#NUM!,0.000,,#VALUE!,#VALUE!,#VALUE!,,,#DIV/0!,#DIV/0!,#DIV/0!,2,1,,#VALUE!,#VALUE!
SSB1,4,B,Oyster Bay,,Gone,299,1.10,1.10,1.10,,,,218.00,gone,#VALUE!,#VALUE!,,#NUM!,0.000,,#VALUE!,#VALUE!,#VALUE!,,,#DIV/0!,#DIV/0!,#DIV/0!,2,1,,#VALUE!,#VALUE!
SSB10,1,B,Oyster Bay,,Gone,264,1.26,1.27,1.27,,,1.20,185.00,gone,#VALUE!,#VALUE!,,#NUM!,-0.025,278.00,#VALUE!,#VALUE!,#VALUE!,,,#DIV/0!,#DIV/0!,#DIV/0!,7,1,,#VALUE!,#VALUE!
SSB10,2,B,Oyster Bay,,,264,1.81,1.85,1.83,,,3.19,185.00,7.39,7.10,7.25,30.41,2.04,0.567,278.00,9.9,9.9,9.90,,,#DIV/0!,#DIV/0!,#DIV/0!,7,1,,9.9,9.9
SSB11,1,B,Oyster Bay,,,264,1.59,1.73,1.66,,,2.23,202.00,7.50,7.50,7.50,40.00,2.61,0.787,232.00,11.1,11.2,11.15,,,#DIV/0!,#DIV/0!,#DIV/0!,3,1,,11.1,11.2
SSB2,1,B,Oyster Bay,,,231,1.60,1.60,1.60,,,2.45,178.00,7.50,7.60,7.55,30.55,2.28,0.585,,#VALUE!,#VALUE!,#VALUE!,,,#DIV/0!,#DIV/0!,#DIV/0!,2,1,,#VALUE!,#VALUE!
SSB3,1,B,Oyster Bay,,Gone,277,0.90,0.90,0.90,,,,198.00,gone,#VALUE!,#VALUE!,,,0.000,,#VALUE!,#VALUE!,#VALUE!,,,#DIV/0!,#DIV/0!,#DIV/0!,2,1,,#VALUE!,#VALUE!